{
  "AssemblyIdentity": "Microsoft.AspNetCore.CookiePolicy, Version=2.1.1.0, Culture=neutral, PublicKeyToken=adb9793829ddae60",
  "Types": [
    {
      "Name": "Microsoft.AspNetCore.Builder.CookiePolicyAppBuilderExtensions",
      "Visibility": "Public",
      "Kind": "Class",
      "Abstract": true,
      "Static": true,
      "Sealed": true,
      "ImplementedInterfaces": [],
      "Members": [
        {
          "Kind": "Method",
          "Name": "UseCookiePolicy",
          "Parameters": [
            {
              "Name": "app",
              "Type": "Microsoft.AspNetCore.Builder.IApplicationBuilder"
            }
          ],
          "ReturnType": "Microsoft.AspNetCore.Builder.IApplicationBuilder",
          "Static": true,
          "Extension": true,
          "Visibility": "Public",
          "GenericParameter": []
        },
        {
          "Kind": "Method",
          "Name": "UseCookiePolicy",
          "Parameters": [
            {
              "Name": "app",
              "Type": "Microsoft.AspNetCore.Builder.IApplicationBuilder"
            },
            {
              "Name": "options",
              "Type": "Microsoft.AspNetCore.Builder.CookiePolicyOptions"
            }
          ],
          "ReturnType": "Microsoft.AspNetCore.Builder.IApplicationBuilder",
          "Static": true,
          "Extension": true,
          "Visibility": "Public",
          "GenericParameter": []
        }
      ],
      "GenericParameters": []
    },
    {
      "Name": "Microsoft.AspNetCore.Builder.CookiePolicyOptions",
      "Visibility": "Public",
      "Kind": "Class",
      "ImplementedInterfaces": [],
      "Members": [
        {
          "Kind": "Method",
          "Name": "get_MinimumSameSitePolicy",
          "Parameters": [],
          "ReturnType": "Microsoft.AspNetCore.Http.SameSiteMode",
          "Visibility": "Public",
          "GenericParameter": []
        },
        {
          "Kind": "Method",
          "Name": "set_MinimumSameSitePolicy",
          "Parameters": [
            {
              "Name": "value",
              "Type": "Microsoft.AspNetCore.Http.SameSiteMode"
            }
          ],
          "ReturnType": "System.Void",
          "Visibility": "Public",
          "GenericParameter": []
        },
        {
          "Kind": "Method",
          "Name": "get_HttpOnly",
          "Parameters": [],
          "ReturnType": "Microsoft.AspNetCore.CookiePolicy.HttpOnlyPolicy",
          "Visibility": "Public",
          "GenericParameter": []
        },
        {
          "Kind": "Method",
          "Name": "set_HttpOnly",
          "Parameters": [
            {
              "Name": "value",
              "Type": "Microsoft.AspNetCore.CookiePolicy.HttpOnlyPolicy"
            }
          ],
          "ReturnType": "System.Void",
          "Visibility": "Public",
          "GenericParameter": []
        },
        {
          "Kind": "Method",
          "Name": "get_Secure",
          "Parameters": [],
          "ReturnType": "Microsoft.AspNetCore.Http.CookieSecurePolicy",
          "Visibility": "Public",
          "GenericParameter": []
        },
        {
          "Kind": "Method",
          "Name": "set_Secure",
          "Parameters": [
            {
              "Name": "value",
              "Type": "Microsoft.AspNetCore.Http.CookieSecurePolicy"
            }
          ],
          "ReturnType": "System.Void",
          "Visibility": "Public",
          "GenericParameter": []
        },
        {
          "Kind": "Method",
          "Name": "get_ConsentCookie",
          "Parameters": [],
          "ReturnType": "Microsoft.AspNetCore.Http.CookieBuilder",
          "Visibility": "Public",
          "GenericParameter": []
        },
        {
          "Kind": "Method",
          "Name": "set_ConsentCookie",
          "Parameters": [
            {
              "Name": "value",
              "Type": "Microsoft.AspNetCore.Http.CookieBuilder"
            }
          ],
          "ReturnType": "System.Void",
          "Visibility": "Public",
          "GenericParameter": []
        },
        {
          "Kind": "Method",
          "Name": "get_CheckConsentNeeded",
          "Parameters": [],
          "ReturnType": "System.Func<Microsoft.AspNetCore.Http.HttpContext, System.Boolean>",
          "Visibility": "Public",
          "GenericParameter": []
        },
        {
          "Kind": "Method",
          "Name": "set_CheckConsentNeeded",
          "Parameters": [
            {
              "Name": "value",
              "Type": "System.Func<Microsoft.AspNetCore.Http.HttpContext, System.Boolean>"
            }
          ],
          "ReturnType": "System.Void",
          "Visibility": "Public",
          "GenericParameter": []
        },
        {
          "Kind": "Method",
          "Name": "get_OnAppendCookie",
          "Parameters": [],
          "ReturnType": "System.Action<Microsoft.AspNetCore.CookiePolicy.AppendCookieContext>",
          "Visibility": "Public",
          "GenericParameter": []
        },
        {
          "Kind": "Method",
          "Name": "set_OnAppendCookie",
          "Parameters": [
            {
              "Name": "value",
              "Type": "System.Action<Microsoft.AspNetCore.CookiePolicy.AppendCookieContext>"
            }
          ],
          "ReturnType": "System.Void",
          "Visibility": "Public",
          "GenericParameter": []
        },
        {
          "Kind": "Method",
          "Name": "get_OnDeleteCookie",
          "Parameters": [],
          "ReturnType": "System.Action<Microsoft.AspNetCore.CookiePolicy.DeleteCookieContext>",
          "Visibility": "Public",
          "GenericParameter": []
        },
        {
          "Kind": "Method",
          "Name": "set_OnDeleteCookie",
          "Parameters": [
            {
              "Name": "value",
              "Type": "System.Action<Microsoft.AspNetCore.CookiePolicy.DeleteCookieContext>"
            }
          ],
          "ReturnType": "System.Void",
          "Visibility": "Public",
          "GenericParameter": []
        },
        {
          "Kind": "Constructor",
          "Name": ".ctor",
          "Parameters": [],
          "Visibility": "Public",
          "GenericParameter": []
        }
      ],
      "GenericParameters": []
    },
    {
      "Name": "Microsoft.AspNetCore.CookiePolicy.AppendCookieContext",
      "Visibility": "Public",
      "Kind": "Class",
      "ImplementedInterfaces": [],
      "Members": [
        {
          "Kind": "Method",
          "Name": "get_Context",
          "Parameters": [],
          "ReturnType": "Microsoft.AspNetCore.Http.HttpContext",
          "Visibility": "Public",
          "GenericParameter": []
        },
        {
          "Kind": "Method",
          "Name": "get_CookieOptions",
          "Parameters": [],
          "ReturnType": "Microsoft.AspNetCore.Http.CookieOptions",
          "Visibility": "Public",
          "GenericParameter": []
        },
        {
          "Kind": "Method",
          "Name": "get_CookieName",
          "Parameters": [],
          "ReturnType": "System.String",
          "Visibility": "Public",
          "GenericParameter": []
        },
        {
          "Kind": "Method",
          "Name": "set_CookieName",
          "Parameters": [
            {
              "Name": "value",
              "Type": "System.String"
            }
          ],
          "ReturnType": "System.Void",
          "Visibility": "Public",
          "GenericParameter": []
        },
        {
          "Kind": "Method",
          "Name": "get_CookieValue",
          "Parameters": [],
          "ReturnType": "System.String",
          "Visibility": "Public",
          "GenericParameter": []
        },
        {
          "Kind": "Method",
          "Name": "set_CookieValue",
          "Parameters": [
            {
              "Name": "value",
              "Type": "System.String"
            }
          ],
          "ReturnType": "System.Void",
          "Visibility": "Public",
          "GenericParameter": []
        },
        {
          "Kind": "Method",
          "Name": "get_IsConsentNeeded",
          "Parameters": [],
          "ReturnType": "System.Boolean",
          "Visibility": "Public",
          "GenericParameter": []
        },
        {
          "Kind": "Method",
          "Name": "get_HasConsent",
          "Parameters": [],
          "ReturnType": "System.Boolean",
          "Visibility": "Public",
          "GenericParameter": []
        },
        {
          "Kind": "Method",
          "Name": "get_IssueCookie",
          "Parameters": [],
          "ReturnType": "System.Boolean",
          "Visibility": "Public",
          "GenericParameter": []
        },
        {
          "Kind": "Method",
          "Name": "set_IssueCookie",
          "Parameters": [
            {
              "Name": "value",
              "Type": "System.Boolean"
            }
          ],
          "ReturnType": "System.Void",
          "Visibility": "Public",
          "GenericParameter": []
        },
        {
          "Kind": "Constructor",
          "Name": ".ctor",
          "Parameters": [
            {
              "Name": "context",
              "Type": "Microsoft.AspNetCore.Http.HttpContext"
            },
            {
              "Name": "options",
              "Type": "Microsoft.AspNetCore.Http.CookieOptions"
            },
            {
              "Name": "name",
              "Type": "System.String"
            },
            {
              "Name": "value",
              "Type": "System.String"
            }
          ],
          "Visibility": "Public",
          "GenericParameter": []
        }
      ],
      "GenericParameters": []
    },
    {
      "Name": "Microsoft.AspNetCore.CookiePolicy.CookiePolicyMiddleware",
      "Visibility": "Public",
      "Kind": "Class",
      "ImplementedInterfaces": [],
      "Members": [
        {
          "Kind": "Method",
          "Name": "get_Options",
          "Parameters": [],
          "ReturnType": "Microsoft.AspNetCore.Builder.CookiePolicyOptions",
          "Visibility": "Public",
          "GenericParameter": []
        },
        {
          "Kind": "Method",
          "Name": "set_Options",
          "Parameters": [
            {
              "Name": "value",
              "Type": "Microsoft.AspNetCore.Builder.CookiePolicyOptions"
            }
          ],
          "ReturnType": "System.Void",
          "Visibility": "Public",
          "GenericParameter": []
        },
        {
          "Kind": "Method",
          "Name": "Invoke",
          "Parameters": [
            {
              "Name": "context",
              "Type": "Microsoft.AspNetCore.Http.HttpContext"
            }
          ],
          "ReturnType": "System.Threading.Tasks.Task",
          "Visibility": "Public",
          "GenericParameter": []
        },
        {
          "Kind": "Constructor",
          "Name": ".ctor",
          "Parameters": [
            {
              "Name": "next",
              "Type": "Microsoft.AspNetCore.Http.RequestDelegate"
            },
            {
              "Name": "options",
              "Type": "Microsoft.Extensions.Options.IOptions<Microsoft.AspNetCore.Builder.CookiePolicyOptions>"
            },
            {
              "Name": "factory",
              "Type": "Microsoft.Extensions.Logging.ILoggerFactory"
            }
          ],
          "Visibility": "Public",
          "GenericParameter": []
        },
        {
          "Kind": "Constructor",
          "Name": ".ctor",
          "Parameters": [
            {
              "Name": "next",
              "Type": "Microsoft.AspNetCore.Http.RequestDelegate"
            },
            {
              "Name": "options",
              "Type": "Microsoft.Extensions.Options.IOptions<Microsoft.AspNetCore.Builder.CookiePolicyOptions>"
            }
          ],
          "Visibility": "Public",
          "GenericParameter": []
        }
      ],
      "GenericParameters": []
    },
    {
      "Name": "Microsoft.AspNetCore.CookiePolicy.DeleteCookieContext",
      "Visibility": "Public",
      "Kind": "Class",
      "ImplementedInterfaces": [],
      "Members": [
        {
          "Kind": "Method",
          "Name": "get_Context",
          "Parameters": [],
          "ReturnType": "Microsoft.AspNetCore.Http.HttpContext",
          "Visibility": "Public",
          "GenericParameter": []
        },
        {
          "Kind": "Method",
          "Name": "get_CookieOptions",
          "Parameters": [],
          "ReturnType": "Microsoft.AspNetCore.Http.CookieOptions",
          "Visibility": "Public",
          "GenericParameter": []
        },
        {
          "Kind": "Method",
          "Name": "get_CookieName",
          "Parameters": [],
          "ReturnType": "System.String",
          "Visibility": "Public",
          "GenericParameter": []
        },
        {
          "Kind": "Method",
          "Name": "set_CookieName",
          "Parameters": [
            {
              "Name": "value",
              "Type": "System.String"
            }
          ],
          "ReturnType": "System.Void",
          "Visibility": "Public",
          "GenericParameter": []
        },
        {
          "Kind": "Method",
          "Name": "get_IsConsentNeeded",
          "Parameters": [],
          "ReturnType": "System.Boolean",
          "Visibility": "Public",
          "GenericParameter": []
        },
        {
          "Kind": "Method",
          "Name": "get_HasConsent",
          "Parameters": [],
          "ReturnType": "System.Boolean",
          "Visibility": "Public",
          "GenericParameter": []
        },
        {
          "Kind": "Method",
          "Name": "get_IssueCookie",
          "Parameters": [],
          "ReturnType": "System.Boolean",
          "Visibility": "Public",
          "GenericParameter": []
        },
        {
          "Kind": "Method",
          "Name": "set_IssueCookie",
          "Parameters": [
            {
              "Name": "value",
              "Type": "System.Boolean"
            }
          ],
          "ReturnType": "System.Void",
          "Visibility": "Public",
          "GenericParameter": []
        },
        {
          "Kind": "Constructor",
          "Name": ".ctor",
          "Parameters": [
            {
              "Name": "context",
              "Type": "Microsoft.AspNetCore.Http.HttpContext"
            },
            {
              "Name": "options",
              "Type": "Microsoft.AspNetCore.Http.CookieOptions"
            },
            {
              "Name": "name",
              "Type": "System.String"
            }
          ],
          "Visibility": "Public",
          "GenericParameter": []
        }
      ],
      "GenericParameters": []
    },
    {
      "Name": "Microsoft.AspNetCore.CookiePolicy.HttpOnlyPolicy",
      "Visibility": "Public",
      "Kind": "Enumeration",
      "Sealed": true,
      "ImplementedInterfaces": [],
      "Members": [
        {
          "Kind": "Field",
          "Name": "None",
          "Parameters": [],
          "GenericParameter": [],
          "Literal": "0"
        },
        {
          "Kind": "Field",
          "Name": "Always",
          "Parameters": [],
          "GenericParameter": [],
          "Literal": "1"
        }
      ],
      "GenericParameters": []
    }
  ]
}