{
  "AssemblyIdentity": "Microsoft.AspNetCore.Authentication.Twitter, Version=2.1.1.0, Culture=neutral, PublicKeyToken=adb9793829ddae60",
  "Types": [
    {
      "Name": "Microsoft.Extensions.DependencyInjection.TwitterExtensions",
      "Visibility": "Public",
      "Kind": "Class",
      "Abstract": true,
      "Static": true,
      "Sealed": true,
      "ImplementedInterfaces": [],
      "Members": [
        {
          "Kind": "Method",
          "Name": "AddTwitter",
          "Parameters": [
            {
              "Name": "builder",
              "Type": "Microsoft.AspNetCore.Authentication.AuthenticationBuilder"
            }
          ],
          "ReturnType": "Microsoft.AspNetCore.Authentication.AuthenticationBuilder",
          "Static": true,
          "Extension": true,
          "Visibility": "Public",
          "GenericParameter": []
        },
        {
          "Kind": "Method",
          "Name": "AddTwitter",
          "Parameters": [
            {
              "Name": "builder",
              "Type": "Microsoft.AspNetCore.Authentication.AuthenticationBuilder"
            },
            {
              "Name": "configureOptions",
              "Type": "System.Action<Microsoft.AspNetCore.Authentication.Twitter.TwitterOptions>"
            }
          ],
          "ReturnType": "Microsoft.AspNetCore.Authentication.AuthenticationBuilder",
          "Static": true,
          "Extension": true,
          "Visibility": "Public",
          "GenericParameter": []
        },
        {
          "Kind": "Method",
          "Name": "AddTwitter",
          "Parameters": [
            {
              "Name": "builder",
              "Type": "Microsoft.AspNetCore.Authentication.AuthenticationBuilder"
            },
            {
              "Name": "authenticationScheme",
              "Type": "System.String"
            },
            {
              "Name": "configureOptions",
              "Type": "System.Action<Microsoft.AspNetCore.Authentication.Twitter.TwitterOptions>"
            }
          ],
          "ReturnType": "Microsoft.AspNetCore.Authentication.AuthenticationBuilder",
          "Static": true,
          "Extension": true,
          "Visibility": "Public",
          "GenericParameter": []
        },
        {
          "Kind": "Method",
          "Name": "AddTwitter",
          "Parameters": [
            {
              "Name": "builder",
              "Type": "Microsoft.AspNetCore.Authentication.AuthenticationBuilder"
            },
            {
              "Name": "authenticationScheme",
              "Type": "System.String"
            },
            {
              "Name": "displayName",
              "Type": "System.String"
            },
            {
              "Name": "configureOptions",
              "Type": "System.Action<Microsoft.AspNetCore.Authentication.Twitter.TwitterOptions>"
            }
          ],
          "ReturnType": "Microsoft.AspNetCore.Authentication.AuthenticationBuilder",
          "Static": true,
          "Extension": true,
          "Visibility": "Public",
          "GenericParameter": []
        }
      ],
      "GenericParameters": []
    },
    {
      "Name": "Microsoft.AspNetCore.Builder.TwitterAppBuilderExtensions",
      "Visibility": "Public",
      "Kind": "Class",
      "Abstract": true,
      "Static": true,
      "Sealed": true,
      "ImplementedInterfaces": [],
      "Members": [
        {
          "Kind": "Method",
          "Name": "UseTwitterAuthentication",
          "Parameters": [
            {
              "Name": "app",
              "Type": "Microsoft.AspNetCore.Builder.IApplicationBuilder"
            }
          ],
          "ReturnType": "Microsoft.AspNetCore.Builder.IApplicationBuilder",
          "Static": true,
          "Extension": true,
          "Visibility": "Public",
          "GenericParameter": []
        },
        {
          "Kind": "Method",
          "Name": "UseTwitterAuthentication",
          "Parameters": [
            {
              "Name": "app",
              "Type": "Microsoft.AspNetCore.Builder.IApplicationBuilder"
            },
            {
              "Name": "options",
              "Type": "Microsoft.AspNetCore.Authentication.Twitter.TwitterOptions"
            }
          ],
          "ReturnType": "Microsoft.AspNetCore.Builder.IApplicationBuilder",
          "Static": true,
          "Extension": true,
          "Visibility": "Public",
          "GenericParameter": []
        }
      ],
      "GenericParameters": []
    },
    {
      "Name": "Microsoft.AspNetCore.Authentication.Twitter.TwitterCreatingTicketContext",
      "Visibility": "Public",
      "Kind": "Class",
      "BaseType": "Microsoft.AspNetCore.Authentication.ResultContext<Microsoft.AspNetCore.Authentication.Twitter.TwitterOptions>",
      "ImplementedInterfaces": [],
      "Members": [
        {
          "Kind": "Method",
          "Name": "get_UserId",
          "Parameters": [],
          "ReturnType": "System.String",
          "Visibility": "Public",
          "GenericParameter": []
        },
        {
          "Kind": "Method",
          "Name": "get_ScreenName",
          "Parameters": [],
          "ReturnType": "System.String",
          "Visibility": "Public",
          "GenericParameter": []
        },
        {
          "Kind": "Method",
          "Name": "get_AccessToken",
          "Parameters": [],
          "ReturnType": "System.String",
          "Visibility": "Public",
          "GenericParameter": []
        },
        {
          "Kind": "Method",
          "Name": "get_AccessTokenSecret",
          "Parameters": [],
          "ReturnType": "System.String",
          "Visibility": "Public",
          "GenericParameter": []
        },
        {
          "Kind": "Method",
          "Name": "get_User",
          "Parameters": [],
          "ReturnType": "Newtonsoft.Json.Linq.JObject",
          "Visibility": "Public",
          "GenericParameter": []
        },
        {
          "Kind": "Constructor",
          "Name": ".ctor",
          "Parameters": [
            {
              "Name": "context",
              "Type": "Microsoft.AspNetCore.Http.HttpContext"
            },
            {
              "Name": "scheme",
              "Type": "Microsoft.AspNetCore.Authentication.AuthenticationScheme"
            },
            {
              "Name": "options",
              "Type": "Microsoft.AspNetCore.Authentication.Twitter.TwitterOptions"
            },
            {
              "Name": "principal",
              "Type": "System.Security.Claims.ClaimsPrincipal"
            },
            {
              "Name": "properties",
              "Type": "Microsoft.AspNetCore.Authentication.AuthenticationProperties"
            },
            {
              "Name": "userId",
              "Type": "System.String"
            },
            {
              "Name": "screenName",
              "Type": "System.String"
            },
            {
              "Name": "accessToken",
              "Type": "System.String"
            },
            {
              "Name": "accessTokenSecret",
              "Type": "System.String"
            },
            {
              "Name": "user",
              "Type": "Newtonsoft.Json.Linq.JObject"
            }
          ],
          "Visibility": "Public",
          "GenericParameter": []
        }
      ],
      "GenericParameters": []
    },
    {
      "Name": "Microsoft.AspNetCore.Authentication.Twitter.TwitterEvents",
      "Visibility": "Public",
      "Kind": "Class",
      "BaseType": "Microsoft.AspNetCore.Authentication.RemoteAuthenticationEvents",
      "ImplementedInterfaces": [],
      "Members": [
        {
          "Kind": "Method",
          "Name": "get_OnCreatingTicket",
          "Parameters": [],
          "ReturnType": "System.Func<Microsoft.AspNetCore.Authentication.Twitter.TwitterCreatingTicketContext, System.Threading.Tasks.Task>",
          "Visibility": "Public",
          "GenericParameter": []
        },
        {
          "Kind": "Method",
          "Name": "set_OnCreatingTicket",
          "Parameters": [
            {
              "Name": "value",
              "Type": "System.Func<Microsoft.AspNetCore.Authentication.Twitter.TwitterCreatingTicketContext, System.Threading.Tasks.Task>"
            }
          ],
          "ReturnType": "System.Void",
          "Visibility": "Public",
          "GenericParameter": []
        },
        {
          "Kind": "Method",
          "Name": "get_OnRedirectToAuthorizationEndpoint",
          "Parameters": [],
          "ReturnType": "System.Func<Microsoft.AspNetCore.Authentication.RedirectContext<Microsoft.AspNetCore.Authentication.Twitter.TwitterOptions>, System.Threading.Tasks.Task>",
          "Visibility": "Public",
          "GenericParameter": []
        },
        {
          "Kind": "Method",
          "Name": "set_OnRedirectToAuthorizationEndpoint",
          "Parameters": [
            {
              "Name": "value",
              "Type": "System.Func<Microsoft.AspNetCore.Authentication.RedirectContext<Microsoft.AspNetCore.Authentication.Twitter.TwitterOptions>, System.Threading.Tasks.Task>"
            }
          ],
          "ReturnType": "System.Void",
          "Visibility": "Public",
          "GenericParameter": []
        },
        {
          "Kind": "Method",
          "Name": "CreatingTicket",
          "Parameters": [
            {
              "Name": "context",
              "Type": "Microsoft.AspNetCore.Authentication.Twitter.TwitterCreatingTicketContext"
            }
          ],
          "ReturnType": "System.Threading.Tasks.Task",
          "Virtual": true,
          "Visibility": "Public",
          "GenericParameter": []
        },
        {
          "Kind": "Method",
          "Name": "RedirectToAuthorizationEndpoint",
          "Parameters": [
            {
              "Name": "context",
              "Type": "Microsoft.AspNetCore.Authentication.RedirectContext<Microsoft.AspNetCore.Authentication.Twitter.TwitterOptions>"
            }
          ],
          "ReturnType": "System.Threading.Tasks.Task",
          "Virtual": true,
          "Visibility": "Public",
          "GenericParameter": []
        },
        {
          "Kind": "Constructor",
          "Name": ".ctor",
          "Parameters": [],
          "Visibility": "Public",
          "GenericParameter": []
        }
      ],
      "GenericParameters": []
    },
    {
      "Name": "Microsoft.AspNetCore.Authentication.Twitter.AccessToken",
      "Visibility": "Public",
      "Kind": "Class",
      "BaseType": "Microsoft.AspNetCore.Authentication.Twitter.RequestToken",
      "ImplementedInterfaces": [],
      "Members": [
        {
          "Kind": "Method",
          "Name": "get_UserId",
          "Parameters": [],
          "ReturnType": "System.String",
          "Visibility": "Public",
          "GenericParameter": []
        },
        {
          "Kind": "Method",
          "Name": "set_UserId",
          "Parameters": [
            {
              "Name": "value",
              "Type": "System.String"
            }
          ],
          "ReturnType": "System.Void",
          "Visibility": "Public",
          "GenericParameter": []
        },
        {
          "Kind": "Method",
          "Name": "get_ScreenName",
          "Parameters": [],
          "ReturnType": "System.String",
          "Visibility": "Public",
          "GenericParameter": []
        },
        {
          "Kind": "Method",
          "Name": "set_ScreenName",
          "Parameters": [
            {
              "Name": "value",
              "Type": "System.String"
            }
          ],
          "ReturnType": "System.Void",
          "Visibility": "Public",
          "GenericParameter": []
        },
        {
          "Kind": "Constructor",
          "Name": ".ctor",
          "Parameters": [],
          "Visibility": "Public",
          "GenericParameter": []
        }
      ],
      "GenericParameters": []
    },
    {
      "Name": "Microsoft.AspNetCore.Authentication.Twitter.RequestToken",
      "Visibility": "Public",
      "Kind": "Class",
      "ImplementedInterfaces": [],
      "Members": [
        {
          "Kind": "Method",
          "Name": "get_Token",
          "Parameters": [],
          "ReturnType": "System.String",
          "Visibility": "Public",
          "GenericParameter": []
        },
        {
          "Kind": "Method",
          "Name": "set_Token",
          "Parameters": [
            {
              "Name": "value",
              "Type": "System.String"
            }
          ],
          "ReturnType": "System.Void",
          "Visibility": "Public",
          "GenericParameter": []
        },
        {
          "Kind": "Method",
          "Name": "get_TokenSecret",
          "Parameters": [],
          "ReturnType": "System.String",
          "Visibility": "Public",
          "GenericParameter": []
        },
        {
          "Kind": "Method",
          "Name": "set_TokenSecret",
          "Parameters": [
            {
              "Name": "value",
              "Type": "System.String"
            }
          ],
          "ReturnType": "System.Void",
          "Visibility": "Public",
          "GenericParameter": []
        },
        {
          "Kind": "Method",
          "Name": "get_CallbackConfirmed",
          "Parameters": [],
          "ReturnType": "System.Boolean",
          "Visibility": "Public",
          "GenericParameter": []
        },
        {
          "Kind": "Method",
          "Name": "set_CallbackConfirmed",
          "Parameters": [
            {
              "Name": "value",
              "Type": "System.Boolean"
            }
          ],
          "ReturnType": "System.Void",
          "Visibility": "Public",
          "GenericParameter": []
        },
        {
          "Kind": "Method",
          "Name": "get_Properties",
          "Parameters": [],
          "ReturnType": "Microsoft.AspNetCore.Authentication.AuthenticationProperties",
          "Visibility": "Public",
          "GenericParameter": []
        },
        {
          "Kind": "Method",
          "Name": "set_Properties",
          "Parameters": [
            {
              "Name": "value",
              "Type": "Microsoft.AspNetCore.Authentication.AuthenticationProperties"
            }
          ],
          "ReturnType": "System.Void",
          "Visibility": "Public",
          "GenericParameter": []
        },
        {
          "Kind": "Constructor",
          "Name": ".ctor",
          "Parameters": [],
          "Visibility": "Public",
          "GenericParameter": []
        }
      ],
      "GenericParameters": []
    },
    {
      "Name": "Microsoft.AspNetCore.Authentication.Twitter.RequestTokenSerializer",
      "Visibility": "Public",
      "Kind": "Class",
      "ImplementedInterfaces": [
        "Microsoft.AspNetCore.Authentication.IDataSerializer<Microsoft.AspNetCore.Authentication.Twitter.RequestToken>"
      ],
      "Members": [
        {
          "Kind": "Method",
          "Name": "Serialize",
          "Parameters": [
            {
              "Name": "model",
              "Type": "Microsoft.AspNetCore.Authentication.Twitter.RequestToken"
            }
          ],
          "ReturnType": "System.Byte[]",
          "Virtual": true,
          "ImplementedInterface": "Microsoft.AspNetCore.Authentication.IDataSerializer<Microsoft.AspNetCore.Authentication.Twitter.RequestToken>",
          "Visibility": "Public",
          "GenericParameter": []
        },
        {
          "Kind": "Method",
          "Name": "Deserialize",
          "Parameters": [
            {
              "Name": "data",
              "Type": "System.Byte[]"
            }
          ],
          "ReturnType": "Microsoft.AspNetCore.Authentication.Twitter.RequestToken",
          "Virtual": true,
          "ImplementedInterface": "Microsoft.AspNetCore.Authentication.IDataSerializer<Microsoft.AspNetCore.Authentication.Twitter.RequestToken>",
          "Visibility": "Public",
          "GenericParameter": []
        },
        {
          "Kind": "Method",
          "Name": "Write",
          "Parameters": [
            {
              "Name": "writer",
              "Type": "System.IO.BinaryWriter"
            },
            {
              "Name": "token",
              "Type": "Microsoft.AspNetCore.Authentication.Twitter.RequestToken"
            }
          ],
          "ReturnType": "System.Void",
          "Static": true,
          "Visibility": "Public",
          "GenericParameter": []
        },
        {
          "Kind": "Method",
          "Name": "Read",
          "Parameters": [
            {
              "Name": "reader",
              "Type": "System.IO.BinaryReader"
            }
          ],
          "ReturnType": "Microsoft.AspNetCore.Authentication.Twitter.RequestToken",
          "Static": true,
          "Visibility": "Public",
          "GenericParameter": []
        },
        {
          "Kind": "Constructor",
          "Name": ".ctor",
          "Parameters": [],
          "Visibility": "Public",
          "GenericParameter": []
        }
      ],
      "GenericParameters": []
    },
    {
      "Name": "Microsoft.AspNetCore.Authentication.Twitter.TwitterDefaults",
      "Visibility": "Public",
      "Kind": "Class",
      "Abstract": true,
      "Static": true,
      "Sealed": true,
      "ImplementedInterfaces": [],
      "Members": [
        {
          "Kind": "Field",
          "Name": "DisplayName",
          "Parameters": [],
          "ReturnType": "System.String",
          "Static": true,
          "ReadOnly": true,
          "Visibility": "Public",
          "GenericParameter": []
        },
        {
          "Kind": "Field",
          "Name": "AuthenticationScheme",
          "Parameters": [],
          "ReturnType": "System.String",
          "Static": true,
          "Visibility": "Public",
          "GenericParameter": [],
          "Constant": true,
          "Literal": "\"Twitter\""
        }
      ],
      "GenericParameters": []
    },
    {
      "Name": "Microsoft.AspNetCore.Authentication.Twitter.TwitterHandler",
      "Visibility": "Public",
      "Kind": "Class",
      "BaseType": "Microsoft.AspNetCore.Authentication.RemoteAuthenticationHandler<Microsoft.AspNetCore.Authentication.Twitter.TwitterOptions>",
      "ImplementedInterfaces": [],
      "Members": [
        {
          "Kind": "Method",
          "Name": "get_Events",
          "Parameters": [],
          "ReturnType": "Microsoft.AspNetCore.Authentication.Twitter.TwitterEvents",
          "Visibility": "Protected",
          "GenericParameter": []
        },
        {
          "Kind": "Method",
          "Name": "set_Events",
          "Parameters": [
            {
              "Name": "value",
              "Type": "Microsoft.AspNetCore.Authentication.Twitter.TwitterEvents"
            }
          ],
          "ReturnType": "System.Void",
          "Visibility": "Protected",
          "GenericParameter": []
        },
        {
          "Kind": "Method",
          "Name": "CreateEventsAsync",
          "Parameters": [],
          "ReturnType": "System.Threading.Tasks.Task<System.Object>",
          "Virtual": true,
          "Override": true,
          "Visibility": "Protected",
          "GenericParameter": []
        },
        {
          "Kind": "Method",
          "Name": "HandleRemoteAuthenticateAsync",
          "Parameters": [],
          "ReturnType": "System.Threading.Tasks.Task<Microsoft.AspNetCore.Authentication.HandleRequestResult>",
          "Virtual": true,
          "Override": true,
          "Visibility": "Protected",
          "GenericParameter": []
        },
        {
          "Kind": "Method",
          "Name": "CreateTicketAsync",
          "Parameters": [
            {
              "Name": "identity",
              "Type": "System.Security.Claims.ClaimsIdentity"
            },
            {
              "Name": "properties",
              "Type": "Microsoft.AspNetCore.Authentication.AuthenticationProperties"
            },
            {
              "Name": "token",
              "Type": "Microsoft.AspNetCore.Authentication.Twitter.AccessToken"
            },
            {
              "Name": "user",
              "Type": "Newtonsoft.Json.Linq.JObject"
            }
          ],
          "ReturnType": "System.Threading.Tasks.Task<Microsoft.AspNetCore.Authentication.AuthenticationTicket>",
          "Virtual": true,
          "Visibility": "Protected",
          "GenericParameter": []
        },
        {
          "Kind": "Method",
          "Name": "HandleChallengeAsync",
          "Parameters": [
            {
              "Name": "properties",
              "Type": "Microsoft.AspNetCore.Authentication.AuthenticationProperties"
            }
          ],
          "ReturnType": "System.Threading.Tasks.Task",
          "Virtual": true,
          "Override": true,
          "Visibility": "Protected",
          "GenericParameter": []
        },
        {
          "Kind": "Constructor",
          "Name": ".ctor",
          "Parameters": [
            {
              "Name": "options",
              "Type": "Microsoft.Extensions.Options.IOptionsMonitor<Microsoft.AspNetCore.Authentication.Twitter.TwitterOptions>"
            },
            {
              "Name": "logger",
              "Type": "Microsoft.Extensions.Logging.ILoggerFactory"
            },
            {
              "Name": "encoder",
              "Type": "System.Text.Encodings.Web.UrlEncoder"
            },
            {
              "Name": "clock",
              "Type": "Microsoft.AspNetCore.Authentication.ISystemClock"
            }
          ],
          "Visibility": "Public",
          "GenericParameter": []
        }
      ],
      "GenericParameters": []
    },
    {
      "Name": "Microsoft.AspNetCore.Authentication.Twitter.TwitterOptions",
      "Visibility": "Public",
      "Kind": "Class",
      "BaseType": "Microsoft.AspNetCore.Authentication.RemoteAuthenticationOptions",
      "ImplementedInterfaces": [],
      "Members": [
        {
          "Kind": "Method",
          "Name": "get_ConsumerKey",
          "Parameters": [],
          "ReturnType": "System.String",
          "Visibility": "Public",
          "GenericParameter": []
        },
        {
          "Kind": "Method",
          "Name": "set_ConsumerKey",
          "Parameters": [
            {
              "Name": "value",
              "Type": "System.String"
            }
          ],
          "ReturnType": "System.Void",
          "Visibility": "Public",
          "GenericParameter": []
        },
        {
          "Kind": "Method",
          "Name": "get_ConsumerSecret",
          "Parameters": [],
          "ReturnType": "System.String",
          "Visibility": "Public",
          "GenericParameter": []
        },
        {
          "Kind": "Method",
          "Name": "set_ConsumerSecret",
          "Parameters": [
            {
              "Name": "value",
              "Type": "System.String"
            }
          ],
          "ReturnType": "System.Void",
          "Visibility": "Public",
          "GenericParameter": []
        },
        {
          "Kind": "Method",
          "Name": "get_RetrieveUserDetails",
          "Parameters": [],
          "ReturnType": "System.Boolean",
          "Visibility": "Public",
          "GenericParameter": []
        },
        {
          "Kind": "Method",
          "Name": "set_RetrieveUserDetails",
          "Parameters": [
            {
              "Name": "value",
              "Type": "System.Boolean"
            }
          ],
          "ReturnType": "System.Void",
          "Visibility": "Public",
          "GenericParameter": []
        },
        {
          "Kind": "Method",
          "Name": "get_ClaimActions",
          "Parameters": [],
          "ReturnType": "Microsoft.AspNetCore.Authentication.OAuth.Claims.ClaimActionCollection",
          "Visibility": "Public",
          "GenericParameter": []
        },
        {
          "Kind": "Method",
          "Name": "get_StateDataFormat",
          "Parameters": [],
          "ReturnType": "Microsoft.AspNetCore.Authentication.ISecureDataFormat<Microsoft.AspNetCore.Authentication.Twitter.RequestToken>",
          "Visibility": "Public",
          "GenericParameter": []
        },
        {
          "Kind": "Method",
          "Name": "set_StateDataFormat",
          "Parameters": [
            {
              "Name": "value",
              "Type": "Microsoft.AspNetCore.Authentication.ISecureDataFormat<Microsoft.AspNetCore.Authentication.Twitter.RequestToken>"
            }
          ],
          "ReturnType": "System.Void",
          "Visibility": "Public",
          "GenericParameter": []
        },
        {
          "Kind": "Method",
          "Name": "get_Events",
          "Parameters": [],
          "ReturnType": "Microsoft.AspNetCore.Authentication.Twitter.TwitterEvents",
          "Visibility": "Public",
          "GenericParameter": []
        },
        {
          "Kind": "Method",
          "Name": "set_Events",
          "Parameters": [
            {
              "Name": "value",
              "Type": "Microsoft.AspNetCore.Authentication.Twitter.TwitterEvents"
            }
          ],
          "ReturnType": "System.Void",
          "Visibility": "Public",
          "GenericParameter": []
        },
        {
          "Kind": "Method",
          "Name": "get_StateCookie",
          "Parameters": [],
          "ReturnType": "Microsoft.AspNetCore.Http.CookieBuilder",
          "Visibility": "Public",
          "GenericParameter": []
        },
        {
          "Kind": "Method",
          "Name": "set_StateCookie",
          "Parameters": [
            {
              "Name": "value",
              "Type": "Microsoft.AspNetCore.Http.CookieBuilder"
            }
          ],
          "ReturnType": "System.Void",
          "Visibility": "Public",
          "GenericParameter": []
        },
        {
          "Kind": "Method",
          "Name": "Validate",
          "Parameters": [],
          "ReturnType": "System.Void",
          "Virtual": true,
          "Override": true,
          "Visibility": "Public",
          "GenericParameter": []
        },
        {
          "Kind": "Constructor",
          "Name": ".ctor",
          "Parameters": [],
          "Visibility": "Public",
          "GenericParameter": []
        }
      ],
      "GenericParameters": []
    },
    {
      "Name": "Microsoft.AspNetCore.Authentication.Twitter.TwitterPostConfigureOptions",
      "Visibility": "Public",
      "Kind": "Class",
      "ImplementedInterfaces": [
        "Microsoft.Extensions.Options.IPostConfigureOptions<Microsoft.AspNetCore.Authentication.Twitter.TwitterOptions>"
      ],
      "Members": [
        {
          "Kind": "Method",
          "Name": "PostConfigure",
          "Parameters": [
            {
              "Name": "name",
              "Type": "System.String"
            },
            {
              "Name": "options",
              "Type": "Microsoft.AspNetCore.Authentication.Twitter.TwitterOptions"
            }
          ],
          "ReturnType": "System.Void",
          "Sealed": true,
          "Virtual": true,
          "ImplementedInterface": "Microsoft.Extensions.Options.IPostConfigureOptions<Microsoft.AspNetCore.Authentication.Twitter.TwitterOptions>",
          "Visibility": "Public",
          "GenericParameter": []
        },
        {
          "Kind": "Constructor",
          "Name": ".ctor",
          "Parameters": [
            {
              "Name": "dataProtection",
              "Type": "Microsoft.AspNetCore.DataProtection.IDataProtectionProvider"
            }
          ],
          "Visibility": "Public",
          "GenericParameter": []
        }
      ],
      "GenericParameters": []
    }
  ]
}