{
  "AssemblyIdentity": "Microsoft.AspNetCore.Authentication.Facebook, Version=2.1.1.0, Culture=neutral, PublicKeyToken=adb9793829ddae60",
  "Types": [
    {
      "Name": "Microsoft.Extensions.DependencyInjection.FacebookAuthenticationOptionsExtensions",
      "Visibility": "Public",
      "Kind": "Class",
      "Abstract": true,
      "Static": true,
      "Sealed": true,
      "ImplementedInterfaces": [],
      "Members": [
        {
          "Kind": "Method",
          "Name": "AddFacebook",
          "Parameters": [
            {
              "Name": "builder",
              "Type": "Microsoft.AspNetCore.Authentication.AuthenticationBuilder"
            }
          ],
          "ReturnType": "Microsoft.AspNetCore.Authentication.AuthenticationBuilder",
          "Static": true,
          "Extension": true,
          "Visibility": "Public",
          "GenericParameter": []
        },
        {
          "Kind": "Method",
          "Name": "AddFacebook",
          "Parameters": [
            {
              "Name": "builder",
              "Type": "Microsoft.AspNetCore.Authentication.AuthenticationBuilder"
            },
            {
              "Name": "configureOptions",
              "Type": "System.Action<Microsoft.AspNetCore.Authentication.Facebook.FacebookOptions>"
            }
          ],
          "ReturnType": "Microsoft.AspNetCore.Authentication.AuthenticationBuilder",
          "Static": true,
          "Extension": true,
          "Visibility": "Public",
          "GenericParameter": []
        },
        {
          "Kind": "Method",
          "Name": "AddFacebook",
          "Parameters": [
            {
              "Name": "builder",
              "Type": "Microsoft.AspNetCore.Authentication.AuthenticationBuilder"
            },
            {
              "Name": "authenticationScheme",
              "Type": "System.String"
            },
            {
              "Name": "configureOptions",
              "Type": "System.Action<Microsoft.AspNetCore.Authentication.Facebook.FacebookOptions>"
            }
          ],
          "ReturnType": "Microsoft.AspNetCore.Authentication.AuthenticationBuilder",
          "Static": true,
          "Extension": true,
          "Visibility": "Public",
          "GenericParameter": []
        },
        {
          "Kind": "Method",
          "Name": "AddFacebook",
          "Parameters": [
            {
              "Name": "builder",
              "Type": "Microsoft.AspNetCore.Authentication.AuthenticationBuilder"
            },
            {
              "Name": "authenticationScheme",
              "Type": "System.String"
            },
            {
              "Name": "displayName",
              "Type": "System.String"
            },
            {
              "Name": "configureOptions",
              "Type": "System.Action<Microsoft.AspNetCore.Authentication.Facebook.FacebookOptions>"
            }
          ],
          "ReturnType": "Microsoft.AspNetCore.Authentication.AuthenticationBuilder",
          "Static": true,
          "Extension": true,
          "Visibility": "Public",
          "GenericParameter": []
        }
      ],
      "GenericParameters": []
    },
    {
      "Name": "Microsoft.AspNetCore.Authentication.Facebook.FacebookDefaults",
      "Visibility": "Public",
      "Kind": "Class",
      "Abstract": true,
      "Static": true,
      "Sealed": true,
      "ImplementedInterfaces": [],
      "Members": [
        {
          "Kind": "Field",
          "Name": "DisplayName",
          "Parameters": [],
          "ReturnType": "System.String",
          "Static": true,
          "ReadOnly": true,
          "Visibility": "Public",
          "GenericParameter": []
        },
        {
          "Kind": "Field",
          "Name": "AuthorizationEndpoint",
          "Parameters": [],
          "ReturnType": "System.String",
          "Static": true,
          "ReadOnly": true,
          "Visibility": "Public",
          "GenericParameter": []
        },
        {
          "Kind": "Field",
          "Name": "TokenEndpoint",
          "Parameters": [],
          "ReturnType": "System.String",
          "Static": true,
          "ReadOnly": true,
          "Visibility": "Public",
          "GenericParameter": []
        },
        {
          "Kind": "Field",
          "Name": "UserInformationEndpoint",
          "Parameters": [],
          "ReturnType": "System.String",
          "Static": true,
          "ReadOnly": true,
          "Visibility": "Public",
          "GenericParameter": []
        },
        {
          "Kind": "Field",
          "Name": "AuthenticationScheme",
          "Parameters": [],
          "ReturnType": "System.String",
          "Static": true,
          "Visibility": "Public",
          "GenericParameter": [],
          "Constant": true,
          "Literal": "\"Facebook\""
        }
      ],
      "GenericParameters": []
    },
    {
      "Name": "Microsoft.AspNetCore.Authentication.Facebook.FacebookHandler",
      "Visibility": "Public",
      "Kind": "Class",
      "BaseType": "Microsoft.AspNetCore.Authentication.OAuth.OAuthHandler<Microsoft.AspNetCore.Authentication.Facebook.FacebookOptions>",
      "ImplementedInterfaces": [],
      "Members": [
        {
          "Kind": "Method",
          "Name": "CreateTicketAsync",
          "Parameters": [
            {
              "Name": "identity",
              "Type": "System.Security.Claims.ClaimsIdentity"
            },
            {
              "Name": "properties",
              "Type": "Microsoft.AspNetCore.Authentication.AuthenticationProperties"
            },
            {
              "Name": "tokens",
              "Type": "Microsoft.AspNetCore.Authentication.OAuth.OAuthTokenResponse"
            }
          ],
          "ReturnType": "System.Threading.Tasks.Task<Microsoft.AspNetCore.Authentication.AuthenticationTicket>",
          "Virtual": true,
          "Override": true,
          "Visibility": "Protected",
          "GenericParameter": []
        },
        {
          "Kind": "Method",
          "Name": "FormatScope",
          "Parameters": [
            {
              "Name": "scopes",
              "Type": "System.Collections.Generic.IEnumerable<System.String>"
            }
          ],
          "ReturnType": "System.String",
          "Virtual": true,
          "Override": true,
          "Visibility": "Protected",
          "GenericParameter": []
        },
        {
          "Kind": "Method",
          "Name": "FormatScope",
          "Parameters": [],
          "ReturnType": "System.String",
          "Virtual": true,
          "Override": true,
          "Visibility": "Protected",
          "GenericParameter": []
        },
        {
          "Kind": "Constructor",
          "Name": ".ctor",
          "Parameters": [
            {
              "Name": "options",
              "Type": "Microsoft.Extensions.Options.IOptionsMonitor<Microsoft.AspNetCore.Authentication.Facebook.FacebookOptions>"
            },
            {
              "Name": "logger",
              "Type": "Microsoft.Extensions.Logging.ILoggerFactory"
            },
            {
              "Name": "encoder",
              "Type": "System.Text.Encodings.Web.UrlEncoder"
            },
            {
              "Name": "clock",
              "Type": "Microsoft.AspNetCore.Authentication.ISystemClock"
            }
          ],
          "Visibility": "Public",
          "GenericParameter": []
        }
      ],
      "GenericParameters": []
    },
    {
      "Name": "Microsoft.AspNetCore.Authentication.Facebook.FacebookOptions",
      "Visibility": "Public",
      "Kind": "Class",
      "BaseType": "Microsoft.AspNetCore.Authentication.OAuth.OAuthOptions",
      "ImplementedInterfaces": [],
      "Members": [
        {
          "Kind": "Method",
          "Name": "Validate",
          "Parameters": [],
          "ReturnType": "System.Void",
          "Virtual": true,
          "Override": true,
          "Visibility": "Public",
          "GenericParameter": []
        },
        {
          "Kind": "Method",
          "Name": "get_AppId",
          "Parameters": [],
          "ReturnType": "System.String",
          "Visibility": "Public",
          "GenericParameter": []
        },
        {
          "Kind": "Method",
          "Name": "set_AppId",
          "Parameters": [
            {
              "Name": "value",
              "Type": "System.String"
            }
          ],
          "ReturnType": "System.Void",
          "Visibility": "Public",
          "GenericParameter": []
        },
        {
          "Kind": "Method",
          "Name": "get_AppSecret",
          "Parameters": [],
          "ReturnType": "System.String",
          "Visibility": "Public",
          "GenericParameter": []
        },
        {
          "Kind": "Method",
          "Name": "set_AppSecret",
          "Parameters": [
            {
              "Name": "value",
              "Type": "System.String"
            }
          ],
          "ReturnType": "System.Void",
          "Visibility": "Public",
          "GenericParameter": []
        },
        {
          "Kind": "Method",
          "Name": "get_SendAppSecretProof",
          "Parameters": [],
          "ReturnType": "System.Boolean",
          "Visibility": "Public",
          "GenericParameter": []
        },
        {
          "Kind": "Method",
          "Name": "set_SendAppSecretProof",
          "Parameters": [
            {
              "Name": "value",
              "Type": "System.Boolean"
            }
          ],
          "ReturnType": "System.Void",
          "Visibility": "Public",
          "GenericParameter": []
        },
        {
          "Kind": "Method",
          "Name": "get_Fields",
          "Parameters": [],
          "ReturnType": "System.Collections.Generic.ICollection<System.String>",
          "Visibility": "Public",
          "GenericParameter": []
        },
        {
          "Kind": "Constructor",
          "Name": ".ctor",
          "Parameters": [],
          "Visibility": "Public",
          "GenericParameter": []
        }
      ],
      "GenericParameters": []
    },
    {
      "Name": "Microsoft.AspNetCore.Builder.FacebookAppBuilderExtensions",
      "Visibility": "Public",
      "Kind": "Class",
      "Abstract": true,
      "Static": true,
      "Sealed": true,
      "ImplementedInterfaces": [],
      "Members": [
        {
          "Kind": "Method",
          "Name": "UseFacebookAuthentication",
          "Parameters": [
            {
              "Name": "app",
              "Type": "Microsoft.AspNetCore.Builder.IApplicationBuilder"
            }
          ],
          "ReturnType": "Microsoft.AspNetCore.Builder.IApplicationBuilder",
          "Static": true,
          "Extension": true,
          "Visibility": "Public",
          "GenericParameter": []
        },
        {
          "Kind": "Method",
          "Name": "UseFacebookAuthentication",
          "Parameters": [
            {
              "Name": "app",
              "Type": "Microsoft.AspNetCore.Builder.IApplicationBuilder"
            },
            {
              "Name": "options",
              "Type": "Microsoft.AspNetCore.Authentication.Facebook.FacebookOptions"
            }
          ],
          "ReturnType": "Microsoft.AspNetCore.Builder.IApplicationBuilder",
          "Static": true,
          "Extension": true,
          "Visibility": "Public",
          "GenericParameter": []
        }
      ],
      "GenericParameters": []
    }
  ]
}