{
  "AssemblyIdentity": "Microsoft.AspNetCore.Authentication.MicrosoftAccount, Version=2.1.1.0, Culture=neutral, PublicKeyToken=adb9793829ddae60",
  "Types": [
    {
      "Name": "Microsoft.Extensions.DependencyInjection.MicrosoftAccountExtensions",
      "Visibility": "Public",
      "Kind": "Class",
      "Abstract": true,
      "Static": true,
      "Sealed": true,
      "ImplementedInterfaces": [],
      "Members": [
        {
          "Kind": "Method",
          "Name": "AddMicrosoftAccount",
          "Parameters": [
            {
              "Name": "builder",
              "Type": "Microsoft.AspNetCore.Authentication.AuthenticationBuilder"
            }
          ],
          "ReturnType": "Microsoft.AspNetCore.Authentication.AuthenticationBuilder",
          "Static": true,
          "Extension": true,
          "Visibility": "Public",
          "GenericParameter": []
        },
        {
          "Kind": "Method",
          "Name": "AddMicrosoftAccount",
          "Parameters": [
            {
              "Name": "builder",
              "Type": "Microsoft.AspNetCore.Authentication.AuthenticationBuilder"
            },
            {
              "Name": "configureOptions",
              "Type": "System.Action<Microsoft.AspNetCore.Authentication.MicrosoftAccount.MicrosoftAccountOptions>"
            }
          ],
          "ReturnType": "Microsoft.AspNetCore.Authentication.AuthenticationBuilder",
          "Static": true,
          "Extension": true,
          "Visibility": "Public",
          "GenericParameter": []
        },
        {
          "Kind": "Method",
          "Name": "AddMicrosoftAccount",
          "Parameters": [
            {
              "Name": "builder",
              "Type": "Microsoft.AspNetCore.Authentication.AuthenticationBuilder"
            },
            {
              "Name": "authenticationScheme",
              "Type": "System.String"
            },
            {
              "Name": "configureOptions",
              "Type": "System.Action<Microsoft.AspNetCore.Authentication.MicrosoftAccount.MicrosoftAccountOptions>"
            }
          ],
          "ReturnType": "Microsoft.AspNetCore.Authentication.AuthenticationBuilder",
          "Static": true,
          "Extension": true,
          "Visibility": "Public",
          "GenericParameter": []
        },
        {
          "Kind": "Method",
          "Name": "AddMicrosoftAccount",
          "Parameters": [
            {
              "Name": "builder",
              "Type": "Microsoft.AspNetCore.Authentication.AuthenticationBuilder"
            },
            {
              "Name": "authenticationScheme",
              "Type": "System.String"
            },
            {
              "Name": "displayName",
              "Type": "System.String"
            },
            {
              "Name": "configureOptions",
              "Type": "System.Action<Microsoft.AspNetCore.Authentication.MicrosoftAccount.MicrosoftAccountOptions>"
            }
          ],
          "ReturnType": "Microsoft.AspNetCore.Authentication.AuthenticationBuilder",
          "Static": true,
          "Extension": true,
          "Visibility": "Public",
          "GenericParameter": []
        }
      ],
      "GenericParameters": []
    },
    {
      "Name": "Microsoft.AspNetCore.Authentication.MicrosoftAccount.MicrosoftAccountDefaults",
      "Visibility": "Public",
      "Kind": "Class",
      "Abstract": true,
      "Static": true,
      "Sealed": true,
      "ImplementedInterfaces": [],
      "Members": [
        {
          "Kind": "Field",
          "Name": "DisplayName",
          "Parameters": [],
          "ReturnType": "System.String",
          "Static": true,
          "ReadOnly": true,
          "Visibility": "Public",
          "GenericParameter": []
        },
        {
          "Kind": "Field",
          "Name": "AuthorizationEndpoint",
          "Parameters": [],
          "ReturnType": "System.String",
          "Static": true,
          "ReadOnly": true,
          "Visibility": "Public",
          "GenericParameter": []
        },
        {
          "Kind": "Field",
          "Name": "TokenEndpoint",
          "Parameters": [],
          "ReturnType": "System.String",
          "Static": true,
          "ReadOnly": true,
          "Visibility": "Public",
          "GenericParameter": []
        },
        {
          "Kind": "Field",
          "Name": "UserInformationEndpoint",
          "Parameters": [],
          "ReturnType": "System.String",
          "Static": true,
          "ReadOnly": true,
          "Visibility": "Public",
          "GenericParameter": []
        },
        {
          "Kind": "Field",
          "Name": "AuthenticationScheme",
          "Parameters": [],
          "ReturnType": "System.String",
          "Static": true,
          "Visibility": "Public",
          "GenericParameter": [],
          "Constant": true,
          "Literal": "\"Microsoft\""
        }
      ],
      "GenericParameters": []
    },
    {
      "Name": "Microsoft.AspNetCore.Authentication.MicrosoftAccount.MicrosoftAccountHandler",
      "Visibility": "Public",
      "Kind": "Class",
      "BaseType": "Microsoft.AspNetCore.Authentication.OAuth.OAuthHandler<Microsoft.AspNetCore.Authentication.MicrosoftAccount.MicrosoftAccountOptions>",
      "ImplementedInterfaces": [],
      "Members": [
        {
          "Kind": "Method",
          "Name": "CreateTicketAsync",
          "Parameters": [
            {
              "Name": "identity",
              "Type": "System.Security.Claims.ClaimsIdentity"
            },
            {
              "Name": "properties",
              "Type": "Microsoft.AspNetCore.Authentication.AuthenticationProperties"
            },
            {
              "Name": "tokens",
              "Type": "Microsoft.AspNetCore.Authentication.OAuth.OAuthTokenResponse"
            }
          ],
          "ReturnType": "System.Threading.Tasks.Task<Microsoft.AspNetCore.Authentication.AuthenticationTicket>",
          "Virtual": true,
          "Override": true,
          "Visibility": "Protected",
          "GenericParameter": []
        },
        {
          "Kind": "Constructor",
          "Name": ".ctor",
          "Parameters": [
            {
              "Name": "options",
              "Type": "Microsoft.Extensions.Options.IOptionsMonitor<Microsoft.AspNetCore.Authentication.MicrosoftAccount.MicrosoftAccountOptions>"
            },
            {
              "Name": "logger",
              "Type": "Microsoft.Extensions.Logging.ILoggerFactory"
            },
            {
              "Name": "encoder",
              "Type": "System.Text.Encodings.Web.UrlEncoder"
            },
            {
              "Name": "clock",
              "Type": "Microsoft.AspNetCore.Authentication.ISystemClock"
            }
          ],
          "Visibility": "Public",
          "GenericParameter": []
        }
      ],
      "GenericParameters": []
    },
    {
      "Name": "Microsoft.AspNetCore.Authentication.MicrosoftAccount.MicrosoftAccountOptions",
      "Visibility": "Public",
      "Kind": "Class",
      "BaseType": "Microsoft.AspNetCore.Authentication.OAuth.OAuthOptions",
      "ImplementedInterfaces": [],
      "Members": [
        {
          "Kind": "Constructor",
          "Name": ".ctor",
          "Parameters": [],
          "Visibility": "Public",
          "GenericParameter": []
        }
      ],
      "GenericParameters": []
    },
    {
      "Name": "Microsoft.AspNetCore.Builder.MicrosoftAccountAppBuilderExtensions",
      "Visibility": "Public",
      "Kind": "Class",
      "Abstract": true,
      "Static": true,
      "Sealed": true,
      "ImplementedInterfaces": [],
      "Members": [
        {
          "Kind": "Method",
          "Name": "UseMicrosoftAccountAuthentication",
          "Parameters": [
            {
              "Name": "app",
              "Type": "Microsoft.AspNetCore.Builder.IApplicationBuilder"
            }
          ],
          "ReturnType": "Microsoft.AspNetCore.Builder.IApplicationBuilder",
          "Static": true,
          "Extension": true,
          "Visibility": "Public",
          "GenericParameter": []
        },
        {
          "Kind": "Method",
          "Name": "UseMicrosoftAccountAuthentication",
          "Parameters": [
            {
              "Name": "app",
              "Type": "Microsoft.AspNetCore.Builder.IApplicationBuilder"
            },
            {
              "Name": "options",
              "Type": "Microsoft.AspNetCore.Authentication.MicrosoftAccount.MicrosoftAccountOptions"
            }
          ],
          "ReturnType": "Microsoft.AspNetCore.Builder.IApplicationBuilder",
          "Static": true,
          "Extension": true,
          "Visibility": "Public",
          "GenericParameter": []
        }
      ],
      "GenericParameters": []
    }
  ]
}