{
  "AssemblyIdentity": "Microsoft.AspNetCore.Authentication.Google, Version=2.1.1.0, Culture=neutral, PublicKeyToken=adb9793829ddae60",
  "Types": [
    {
      "Name": "Microsoft.Extensions.DependencyInjection.GoogleExtensions",
      "Visibility": "Public",
      "Kind": "Class",
      "Abstract": true,
      "Static": true,
      "Sealed": true,
      "ImplementedInterfaces": [],
      "Members": [
        {
          "Kind": "Method",
          "Name": "AddGoogle",
          "Parameters": [
            {
              "Name": "builder",
              "Type": "Microsoft.AspNetCore.Authentication.AuthenticationBuilder"
            }
          ],
          "ReturnType": "Microsoft.AspNetCore.Authentication.AuthenticationBuilder",
          "Static": true,
          "Extension": true,
          "Visibility": "Public",
          "GenericParameter": []
        },
        {
          "Kind": "Method",
          "Name": "AddGoogle",
          "Parameters": [
            {
              "Name": "builder",
              "Type": "Microsoft.AspNetCore.Authentication.AuthenticationBuilder"
            },
            {
              "Name": "configureOptions",
              "Type": "System.Action<Microsoft.AspNetCore.Authentication.Google.GoogleOptions>"
            }
          ],
          "ReturnType": "Microsoft.AspNetCore.Authentication.AuthenticationBuilder",
          "Static": true,
          "Extension": true,
          "Visibility": "Public",
          "GenericParameter": []
        },
        {
          "Kind": "Method",
          "Name": "AddGoogle",
          "Parameters": [
            {
              "Name": "builder",
              "Type": "Microsoft.AspNetCore.Authentication.AuthenticationBuilder"
            },
            {
              "Name": "authenticationScheme",
              "Type": "System.String"
            },
            {
              "Name": "configureOptions",
              "Type": "System.Action<Microsoft.AspNetCore.Authentication.Google.GoogleOptions>"
            }
          ],
          "ReturnType": "Microsoft.AspNetCore.Authentication.AuthenticationBuilder",
          "Static": true,
          "Extension": true,
          "Visibility": "Public",
          "GenericParameter": []
        },
        {
          "Kind": "Method",
          "Name": "AddGoogle",
          "Parameters": [
            {
              "Name": "builder",
              "Type": "Microsoft.AspNetCore.Authentication.AuthenticationBuilder"
            },
            {
              "Name": "authenticationScheme",
              "Type": "System.String"
            },
            {
              "Name": "displayName",
              "Type": "System.String"
            },
            {
              "Name": "configureOptions",
              "Type": "System.Action<Microsoft.AspNetCore.Authentication.Google.GoogleOptions>"
            }
          ],
          "ReturnType": "Microsoft.AspNetCore.Authentication.AuthenticationBuilder",
          "Static": true,
          "Extension": true,
          "Visibility": "Public",
          "GenericParameter": []
        }
      ],
      "GenericParameters": []
    },
    {
      "Name": "Microsoft.AspNetCore.Authentication.Google.GoogleChallengeProperties",
      "Visibility": "Public",
      "Kind": "Class",
      "BaseType": "Microsoft.AspNetCore.Authentication.OAuth.OAuthChallengeProperties",
      "ImplementedInterfaces": [],
      "Members": [
        {
          "Kind": "Method",
          "Name": "get_AccessType",
          "Parameters": [],
          "ReturnType": "System.String",
          "Visibility": "Public",
          "GenericParameter": []
        },
        {
          "Kind": "Method",
          "Name": "set_AccessType",
          "Parameters": [
            {
              "Name": "value",
              "Type": "System.String"
            }
          ],
          "ReturnType": "System.Void",
          "Visibility": "Public",
          "GenericParameter": []
        },
        {
          "Kind": "Method",
          "Name": "get_ApprovalPrompt",
          "Parameters": [],
          "ReturnType": "System.String",
          "Visibility": "Public",
          "GenericParameter": []
        },
        {
          "Kind": "Method",
          "Name": "set_ApprovalPrompt",
          "Parameters": [
            {
              "Name": "value",
              "Type": "System.String"
            }
          ],
          "ReturnType": "System.Void",
          "Visibility": "Public",
          "GenericParameter": []
        },
        {
          "Kind": "Method",
          "Name": "get_IncludeGrantedScopes",
          "Parameters": [],
          "ReturnType": "System.Nullable<System.Boolean>",
          "Visibility": "Public",
          "GenericParameter": []
        },
        {
          "Kind": "Method",
          "Name": "set_IncludeGrantedScopes",
          "Parameters": [
            {
              "Name": "value",
              "Type": "System.Nullable<System.Boolean>"
            }
          ],
          "ReturnType": "System.Void",
          "Visibility": "Public",
          "GenericParameter": []
        },
        {
          "Kind": "Method",
          "Name": "get_LoginHint",
          "Parameters": [],
          "ReturnType": "System.String",
          "Visibility": "Public",
          "GenericParameter": []
        },
        {
          "Kind": "Method",
          "Name": "set_LoginHint",
          "Parameters": [
            {
              "Name": "value",
              "Type": "System.String"
            }
          ],
          "ReturnType": "System.Void",
          "Visibility": "Public",
          "GenericParameter": []
        },
        {
          "Kind": "Method",
          "Name": "get_Prompt",
          "Parameters": [],
          "ReturnType": "System.String",
          "Visibility": "Public",
          "GenericParameter": []
        },
        {
          "Kind": "Method",
          "Name": "set_Prompt",
          "Parameters": [
            {
              "Name": "value",
              "Type": "System.String"
            }
          ],
          "ReturnType": "System.Void",
          "Visibility": "Public",
          "GenericParameter": []
        },
        {
          "Kind": "Constructor",
          "Name": ".ctor",
          "Parameters": [],
          "Visibility": "Public",
          "GenericParameter": []
        },
        {
          "Kind": "Constructor",
          "Name": ".ctor",
          "Parameters": [
            {
              "Name": "items",
              "Type": "System.Collections.Generic.IDictionary<System.String, System.String>"
            }
          ],
          "Visibility": "Public",
          "GenericParameter": []
        },
        {
          "Kind": "Constructor",
          "Name": ".ctor",
          "Parameters": [
            {
              "Name": "items",
              "Type": "System.Collections.Generic.IDictionary<System.String, System.String>"
            },
            {
              "Name": "parameters",
              "Type": "System.Collections.Generic.IDictionary<System.String, System.Object>"
            }
          ],
          "Visibility": "Public",
          "GenericParameter": []
        },
        {
          "Kind": "Field",
          "Name": "AccessTypeKey",
          "Parameters": [],
          "ReturnType": "System.String",
          "Static": true,
          "ReadOnly": true,
          "Visibility": "Public",
          "GenericParameter": []
        },
        {
          "Kind": "Field",
          "Name": "ApprovalPromptKey",
          "Parameters": [],
          "ReturnType": "System.String",
          "Static": true,
          "ReadOnly": true,
          "Visibility": "Public",
          "GenericParameter": []
        },
        {
          "Kind": "Field",
          "Name": "IncludeGrantedScopesKey",
          "Parameters": [],
          "ReturnType": "System.String",
          "Static": true,
          "ReadOnly": true,
          "Visibility": "Public",
          "GenericParameter": []
        },
        {
          "Kind": "Field",
          "Name": "LoginHintKey",
          "Parameters": [],
          "ReturnType": "System.String",
          "Static": true,
          "ReadOnly": true,
          "Visibility": "Public",
          "GenericParameter": []
        },
        {
          "Kind": "Field",
          "Name": "PromptParameterKey",
          "Parameters": [],
          "ReturnType": "System.String",
          "Static": true,
          "ReadOnly": true,
          "Visibility": "Public",
          "GenericParameter": []
        }
      ],
      "GenericParameters": []
    },
    {
      "Name": "Microsoft.AspNetCore.Authentication.Google.GoogleDefaults",
      "Visibility": "Public",
      "Kind": "Class",
      "Abstract": true,
      "Static": true,
      "Sealed": true,
      "ImplementedInterfaces": [],
      "Members": [
        {
          "Kind": "Field",
          "Name": "DisplayName",
          "Parameters": [],
          "ReturnType": "System.String",
          "Static": true,
          "ReadOnly": true,
          "Visibility": "Public",
          "GenericParameter": []
        },
        {
          "Kind": "Field",
          "Name": "AuthorizationEndpoint",
          "Parameters": [],
          "ReturnType": "System.String",
          "Static": true,
          "ReadOnly": true,
          "Visibility": "Public",
          "GenericParameter": []
        },
        {
          "Kind": "Field",
          "Name": "TokenEndpoint",
          "Parameters": [],
          "ReturnType": "System.String",
          "Static": true,
          "ReadOnly": true,
          "Visibility": "Public",
          "GenericParameter": []
        },
        {
          "Kind": "Field",
          "Name": "UserInformationEndpoint",
          "Parameters": [],
          "ReturnType": "System.String",
          "Static": true,
          "ReadOnly": true,
          "Visibility": "Public",
          "GenericParameter": []
        },
        {
          "Kind": "Field",
          "Name": "AuthenticationScheme",
          "Parameters": [],
          "ReturnType": "System.String",
          "Static": true,
          "Visibility": "Public",
          "GenericParameter": [],
          "Constant": true,
          "Literal": "\"Google\""
        }
      ],
      "GenericParameters": []
    },
    {
      "Name": "Microsoft.AspNetCore.Authentication.Google.GoogleHandler",
      "Visibility": "Public",
      "Kind": "Class",
      "BaseType": "Microsoft.AspNetCore.Authentication.OAuth.OAuthHandler<Microsoft.AspNetCore.Authentication.Google.GoogleOptions>",
      "ImplementedInterfaces": [],
      "Members": [
        {
          "Kind": "Method",
          "Name": "CreateTicketAsync",
          "Parameters": [
            {
              "Name": "identity",
              "Type": "System.Security.Claims.ClaimsIdentity"
            },
            {
              "Name": "properties",
              "Type": "Microsoft.AspNetCore.Authentication.AuthenticationProperties"
            },
            {
              "Name": "tokens",
              "Type": "Microsoft.AspNetCore.Authentication.OAuth.OAuthTokenResponse"
            }
          ],
          "ReturnType": "System.Threading.Tasks.Task<Microsoft.AspNetCore.Authentication.AuthenticationTicket>",
          "Virtual": true,
          "Override": true,
          "Visibility": "Protected",
          "GenericParameter": []
        },
        {
          "Kind": "Method",
          "Name": "BuildChallengeUrl",
          "Parameters": [
            {
              "Name": "properties",
              "Type": "Microsoft.AspNetCore.Authentication.AuthenticationProperties"
            },
            {
              "Name": "redirectUri",
              "Type": "System.String"
            }
          ],
          "ReturnType": "System.String",
          "Virtual": true,
          "Override": true,
          "Visibility": "Protected",
          "GenericParameter": []
        },
        {
          "Kind": "Constructor",
          "Name": ".ctor",
          "Parameters": [
            {
              "Name": "options",
              "Type": "Microsoft.Extensions.Options.IOptionsMonitor<Microsoft.AspNetCore.Authentication.Google.GoogleOptions>"
            },
            {
              "Name": "logger",
              "Type": "Microsoft.Extensions.Logging.ILoggerFactory"
            },
            {
              "Name": "encoder",
              "Type": "System.Text.Encodings.Web.UrlEncoder"
            },
            {
              "Name": "clock",
              "Type": "Microsoft.AspNetCore.Authentication.ISystemClock"
            }
          ],
          "Visibility": "Public",
          "GenericParameter": []
        }
      ],
      "GenericParameters": []
    },
    {
      "Name": "Microsoft.AspNetCore.Authentication.Google.GoogleHelper",
      "Visibility": "Public",
      "Kind": "Class",
      "Abstract": true,
      "Static": true,
      "Sealed": true,
      "ImplementedInterfaces": [],
      "Members": [
        {
          "Kind": "Method",
          "Name": "GetEmail",
          "Parameters": [
            {
              "Name": "user",
              "Type": "Newtonsoft.Json.Linq.JObject"
            }
          ],
          "ReturnType": "System.String",
          "Static": true,
          "Visibility": "Public",
          "GenericParameter": []
        }
      ],
      "GenericParameters": []
    },
    {
      "Name": "Microsoft.AspNetCore.Authentication.Google.GoogleOptions",
      "Visibility": "Public",
      "Kind": "Class",
      "BaseType": "Microsoft.AspNetCore.Authentication.OAuth.OAuthOptions",
      "ImplementedInterfaces": [],
      "Members": [
        {
          "Kind": "Method",
          "Name": "get_AccessType",
          "Parameters": [],
          "ReturnType": "System.String",
          "Visibility": "Public",
          "GenericParameter": []
        },
        {
          "Kind": "Method",
          "Name": "set_AccessType",
          "Parameters": [
            {
              "Name": "value",
              "Type": "System.String"
            }
          ],
          "ReturnType": "System.Void",
          "Visibility": "Public",
          "GenericParameter": []
        },
        {
          "Kind": "Constructor",
          "Name": ".ctor",
          "Parameters": [],
          "Visibility": "Public",
          "GenericParameter": []
        }
      ],
      "GenericParameters": []
    },
    {
      "Name": "Microsoft.AspNetCore.Builder.GoogleAppBuilderExtensions",
      "Visibility": "Public",
      "Kind": "Class",
      "Abstract": true,
      "Static": true,
      "Sealed": true,
      "ImplementedInterfaces": [],
      "Members": [
        {
          "Kind": "Method",
          "Name": "UseGoogleAuthentication",
          "Parameters": [
            {
              "Name": "app",
              "Type": "Microsoft.AspNetCore.Builder.IApplicationBuilder"
            }
          ],
          "ReturnType": "Microsoft.AspNetCore.Builder.IApplicationBuilder",
          "Static": true,
          "Extension": true,
          "Visibility": "Public",
          "GenericParameter": []
        },
        {
          "Kind": "Method",
          "Name": "UseGoogleAuthentication",
          "Parameters": [
            {
              "Name": "app",
              "Type": "Microsoft.AspNetCore.Builder.IApplicationBuilder"
            },
            {
              "Name": "options",
              "Type": "Microsoft.AspNetCore.Authentication.Google.GoogleOptions"
            }
          ],
          "ReturnType": "Microsoft.AspNetCore.Builder.IApplicationBuilder",
          "Static": true,
          "Extension": true,
          "Visibility": "Public",
          "GenericParameter": []
        }
      ],
      "GenericParameters": []
    }
  ]
}