{
  "AssemblyIdentity": "Microsoft.AspNetCore.Authentication.OpenIdConnect, Version=2.1.1.0, Culture=neutral, PublicKeyToken=adb9793829ddae60",
  "Types": [
    {
      "Name": "Microsoft.Extensions.DependencyInjection.OpenIdConnectExtensions",
      "Visibility": "Public",
      "Kind": "Class",
      "Abstract": true,
      "Static": true,
      "Sealed": true,
      "ImplementedInterfaces": [],
      "Members": [
        {
          "Kind": "Method",
          "Name": "AddOpenIdConnect",
          "Parameters": [
            {
              "Name": "builder",
              "Type": "Microsoft.AspNetCore.Authentication.AuthenticationBuilder"
            }
          ],
          "ReturnType": "Microsoft.AspNetCore.Authentication.AuthenticationBuilder",
          "Static": true,
          "Extension": true,
          "Visibility": "Public",
          "GenericParameter": []
        },
        {
          "Kind": "Method",
          "Name": "AddOpenIdConnect",
          "Parameters": [
            {
              "Name": "builder",
              "Type": "Microsoft.AspNetCore.Authentication.AuthenticationBuilder"
            },
            {
              "Name": "configureOptions",
              "Type": "System.Action<Microsoft.AspNetCore.Authentication.OpenIdConnect.OpenIdConnectOptions>"
            }
          ],
          "ReturnType": "Microsoft.AspNetCore.Authentication.AuthenticationBuilder",
          "Static": true,
          "Extension": true,
          "Visibility": "Public",
          "GenericParameter": []
        },
        {
          "Kind": "Method",
          "Name": "AddOpenIdConnect",
          "Parameters": [
            {
              "Name": "builder",
              "Type": "Microsoft.AspNetCore.Authentication.AuthenticationBuilder"
            },
            {
              "Name": "authenticationScheme",
              "Type": "System.String"
            },
            {
              "Name": "configureOptions",
              "Type": "System.Action<Microsoft.AspNetCore.Authentication.OpenIdConnect.OpenIdConnectOptions>"
            }
          ],
          "ReturnType": "Microsoft.AspNetCore.Authentication.AuthenticationBuilder",
          "Static": true,
          "Extension": true,
          "Visibility": "Public",
          "GenericParameter": []
        },
        {
          "Kind": "Method",
          "Name": "AddOpenIdConnect",
          "Parameters": [
            {
              "Name": "builder",
              "Type": "Microsoft.AspNetCore.Authentication.AuthenticationBuilder"
            },
            {
              "Name": "authenticationScheme",
              "Type": "System.String"
            },
            {
              "Name": "displayName",
              "Type": "System.String"
            },
            {
              "Name": "configureOptions",
              "Type": "System.Action<Microsoft.AspNetCore.Authentication.OpenIdConnect.OpenIdConnectOptions>"
            }
          ],
          "ReturnType": "Microsoft.AspNetCore.Authentication.AuthenticationBuilder",
          "Static": true,
          "Extension": true,
          "Visibility": "Public",
          "GenericParameter": []
        }
      ],
      "GenericParameters": []
    },
    {
      "Name": "Microsoft.AspNetCore.Builder.OpenIdConnectAppBuilderExtensions",
      "Visibility": "Public",
      "Kind": "Class",
      "Abstract": true,
      "Static": true,
      "Sealed": true,
      "ImplementedInterfaces": [],
      "Members": [
        {
          "Kind": "Method",
          "Name": "UseOpenIdConnectAuthentication",
          "Parameters": [
            {
              "Name": "app",
              "Type": "Microsoft.AspNetCore.Builder.IApplicationBuilder"
            }
          ],
          "ReturnType": "Microsoft.AspNetCore.Builder.IApplicationBuilder",
          "Static": true,
          "Extension": true,
          "Visibility": "Public",
          "GenericParameter": []
        },
        {
          "Kind": "Method",
          "Name": "UseOpenIdConnectAuthentication",
          "Parameters": [
            {
              "Name": "app",
              "Type": "Microsoft.AspNetCore.Builder.IApplicationBuilder"
            },
            {
              "Name": "options",
              "Type": "Microsoft.AspNetCore.Authentication.OpenIdConnect.OpenIdConnectOptions"
            }
          ],
          "ReturnType": "Microsoft.AspNetCore.Builder.IApplicationBuilder",
          "Static": true,
          "Extension": true,
          "Visibility": "Public",
          "GenericParameter": []
        }
      ],
      "GenericParameters": []
    },
    {
      "Name": "Microsoft.AspNetCore.Authentication.ClaimActionCollectionUniqueExtensions",
      "Visibility": "Public",
      "Kind": "Class",
      "Abstract": true,
      "Static": true,
      "Sealed": true,
      "ImplementedInterfaces": [],
      "Members": [
        {
          "Kind": "Method",
          "Name": "MapUniqueJsonKey",
          "Parameters": [
            {
              "Name": "collection",
              "Type": "Microsoft.AspNetCore.Authentication.OAuth.Claims.ClaimActionCollection"
            },
            {
              "Name": "claimType",
              "Type": "System.String"
            },
            {
              "Name": "jsonKey",
              "Type": "System.String"
            }
          ],
          "ReturnType": "System.Void",
          "Static": true,
          "Extension": true,
          "Visibility": "Public",
          "GenericParameter": []
        },
        {
          "Kind": "Method",
          "Name": "MapUniqueJsonKey",
          "Parameters": [
            {
              "Name": "collection",
              "Type": "Microsoft.AspNetCore.Authentication.OAuth.Claims.ClaimActionCollection"
            },
            {
              "Name": "claimType",
              "Type": "System.String"
            },
            {
              "Name": "jsonKey",
              "Type": "System.String"
            },
            {
              "Name": "valueType",
              "Type": "System.String"
            }
          ],
          "ReturnType": "System.Void",
          "Static": true,
          "Extension": true,
          "Visibility": "Public",
          "GenericParameter": []
        }
      ],
      "GenericParameters": []
    },
    {
      "Name": "Microsoft.AspNetCore.Authentication.OpenIdConnect.AuthenticationFailedContext",
      "Visibility": "Public",
      "Kind": "Class",
      "BaseType": "Microsoft.AspNetCore.Authentication.RemoteAuthenticationContext<Microsoft.AspNetCore.Authentication.OpenIdConnect.OpenIdConnectOptions>",
      "ImplementedInterfaces": [],
      "Members": [
        {
          "Kind": "Method",
          "Name": "get_ProtocolMessage",
          "Parameters": [],
          "ReturnType": "Microsoft.IdentityModel.Protocols.OpenIdConnect.OpenIdConnectMessage",
          "Visibility": "Public",
          "GenericParameter": []
        },
        {
          "Kind": "Method",
          "Name": "set_ProtocolMessage",
          "Parameters": [
            {
              "Name": "value",
              "Type": "Microsoft.IdentityModel.Protocols.OpenIdConnect.OpenIdConnectMessage"
            }
          ],
          "ReturnType": "System.Void",
          "Visibility": "Public",
          "GenericParameter": []
        },
        {
          "Kind": "Method",
          "Name": "get_Exception",
          "Parameters": [],
          "ReturnType": "System.Exception",
          "Visibility": "Public",
          "GenericParameter": []
        },
        {
          "Kind": "Method",
          "Name": "set_Exception",
          "Parameters": [
            {
              "Name": "value",
              "Type": "System.Exception"
            }
          ],
          "ReturnType": "System.Void",
          "Visibility": "Public",
          "GenericParameter": []
        },
        {
          "Kind": "Constructor",
          "Name": ".ctor",
          "Parameters": [
            {
              "Name": "context",
              "Type": "Microsoft.AspNetCore.Http.HttpContext"
            },
            {
              "Name": "scheme",
              "Type": "Microsoft.AspNetCore.Authentication.AuthenticationScheme"
            },
            {
              "Name": "options",
              "Type": "Microsoft.AspNetCore.Authentication.OpenIdConnect.OpenIdConnectOptions"
            }
          ],
          "Visibility": "Public",
          "GenericParameter": []
        }
      ],
      "GenericParameters": []
    },
    {
      "Name": "Microsoft.AspNetCore.Authentication.OpenIdConnect.AuthorizationCodeReceivedContext",
      "Visibility": "Public",
      "Kind": "Class",
      "BaseType": "Microsoft.AspNetCore.Authentication.RemoteAuthenticationContext<Microsoft.AspNetCore.Authentication.OpenIdConnect.OpenIdConnectOptions>",
      "ImplementedInterfaces": [],
      "Members": [
        {
          "Kind": "Method",
          "Name": "get_ProtocolMessage",
          "Parameters": [],
          "ReturnType": "Microsoft.IdentityModel.Protocols.OpenIdConnect.OpenIdConnectMessage",
          "Visibility": "Public",
          "GenericParameter": []
        },
        {
          "Kind": "Method",
          "Name": "set_ProtocolMessage",
          "Parameters": [
            {
              "Name": "value",
              "Type": "Microsoft.IdentityModel.Protocols.OpenIdConnect.OpenIdConnectMessage"
            }
          ],
          "ReturnType": "System.Void",
          "Visibility": "Public",
          "GenericParameter": []
        },
        {
          "Kind": "Method",
          "Name": "get_JwtSecurityToken",
          "Parameters": [],
          "ReturnType": "System.IdentityModel.Tokens.Jwt.JwtSecurityToken",
          "Visibility": "Public",
          "GenericParameter": []
        },
        {
          "Kind": "Method",
          "Name": "set_JwtSecurityToken",
          "Parameters": [
            {
              "Name": "value",
              "Type": "System.IdentityModel.Tokens.Jwt.JwtSecurityToken"
            }
          ],
          "ReturnType": "System.Void",
          "Visibility": "Public",
          "GenericParameter": []
        },
        {
          "Kind": "Method",
          "Name": "get_TokenEndpointRequest",
          "Parameters": [],
          "ReturnType": "Microsoft.IdentityModel.Protocols.OpenIdConnect.OpenIdConnectMessage",
          "Visibility": "Public",
          "GenericParameter": []
        },
        {
          "Kind": "Method",
          "Name": "set_TokenEndpointRequest",
          "Parameters": [
            {
              "Name": "value",
              "Type": "Microsoft.IdentityModel.Protocols.OpenIdConnect.OpenIdConnectMessage"
            }
          ],
          "ReturnType": "System.Void",
          "Visibility": "Public",
          "GenericParameter": []
        },
        {
          "Kind": "Method",
          "Name": "get_Backchannel",
          "Parameters": [],
          "ReturnType": "System.Net.Http.HttpClient",
          "Visibility": "Public",
          "GenericParameter": []
        },
        {
          "Kind": "Method",
          "Name": "get_TokenEndpointResponse",
          "Parameters": [],
          "ReturnType": "Microsoft.IdentityModel.Protocols.OpenIdConnect.OpenIdConnectMessage",
          "Visibility": "Public",
          "GenericParameter": []
        },
        {
          "Kind": "Method",
          "Name": "set_TokenEndpointResponse",
          "Parameters": [
            {
              "Name": "value",
              "Type": "Microsoft.IdentityModel.Protocols.OpenIdConnect.OpenIdConnectMessage"
            }
          ],
          "ReturnType": "System.Void",
          "Visibility": "Public",
          "GenericParameter": []
        },
        {
          "Kind": "Method",
          "Name": "get_HandledCodeRedemption",
          "Parameters": [],
          "ReturnType": "System.Boolean",
          "Visibility": "Public",
          "GenericParameter": []
        },
        {
          "Kind": "Method",
          "Name": "HandleCodeRedemption",
          "Parameters": [],
          "ReturnType": "System.Void",
          "Visibility": "Public",
          "GenericParameter": []
        },
        {
          "Kind": "Method",
          "Name": "HandleCodeRedemption",
          "Parameters": [
            {
              "Name": "accessToken",
              "Type": "System.String"
            },
            {
              "Name": "idToken",
              "Type": "System.String"
            }
          ],
          "ReturnType": "System.Void",
          "Visibility": "Public",
          "GenericParameter": []
        },
        {
          "Kind": "Method",
          "Name": "HandleCodeRedemption",
          "Parameters": [
            {
              "Name": "tokenEndpointResponse",
              "Type": "Microsoft.IdentityModel.Protocols.OpenIdConnect.OpenIdConnectMessage"
            }
          ],
          "ReturnType": "System.Void",
          "Visibility": "Public",
          "GenericParameter": []
        },
        {
          "Kind": "Constructor",
          "Name": ".ctor",
          "Parameters": [
            {
              "Name": "context",
              "Type": "Microsoft.AspNetCore.Http.HttpContext"
            },
            {
              "Name": "scheme",
              "Type": "Microsoft.AspNetCore.Authentication.AuthenticationScheme"
            },
            {
              "Name": "options",
              "Type": "Microsoft.AspNetCore.Authentication.OpenIdConnect.OpenIdConnectOptions"
            },
            {
              "Name": "properties",
              "Type": "Microsoft.AspNetCore.Authentication.AuthenticationProperties"
            }
          ],
          "Visibility": "Public",
          "GenericParameter": []
        }
      ],
      "GenericParameters": []
    },
    {
      "Name": "Microsoft.AspNetCore.Authentication.OpenIdConnect.MessageReceivedContext",
      "Visibility": "Public",
      "Kind": "Class",
      "BaseType": "Microsoft.AspNetCore.Authentication.RemoteAuthenticationContext<Microsoft.AspNetCore.Authentication.OpenIdConnect.OpenIdConnectOptions>",
      "ImplementedInterfaces": [],
      "Members": [
        {
          "Kind": "Method",
          "Name": "get_ProtocolMessage",
          "Parameters": [],
          "ReturnType": "Microsoft.IdentityModel.Protocols.OpenIdConnect.OpenIdConnectMessage",
          "Visibility": "Public",
          "GenericParameter": []
        },
        {
          "Kind": "Method",
          "Name": "set_ProtocolMessage",
          "Parameters": [
            {
              "Name": "value",
              "Type": "Microsoft.IdentityModel.Protocols.OpenIdConnect.OpenIdConnectMessage"
            }
          ],
          "ReturnType": "System.Void",
          "Visibility": "Public",
          "GenericParameter": []
        },
        {
          "Kind": "Method",
          "Name": "get_Token",
          "Parameters": [],
          "ReturnType": "System.String",
          "Visibility": "Public",
          "GenericParameter": []
        },
        {
          "Kind": "Method",
          "Name": "set_Token",
          "Parameters": [
            {
              "Name": "value",
              "Type": "System.String"
            }
          ],
          "ReturnType": "System.Void",
          "Visibility": "Public",
          "GenericParameter": []
        },
        {
          "Kind": "Constructor",
          "Name": ".ctor",
          "Parameters": [
            {
              "Name": "context",
              "Type": "Microsoft.AspNetCore.Http.HttpContext"
            },
            {
              "Name": "scheme",
              "Type": "Microsoft.AspNetCore.Authentication.AuthenticationScheme"
            },
            {
              "Name": "options",
              "Type": "Microsoft.AspNetCore.Authentication.OpenIdConnect.OpenIdConnectOptions"
            },
            {
              "Name": "properties",
              "Type": "Microsoft.AspNetCore.Authentication.AuthenticationProperties"
            }
          ],
          "Visibility": "Public",
          "GenericParameter": []
        }
      ],
      "GenericParameters": []
    },
    {
      "Name": "Microsoft.AspNetCore.Authentication.OpenIdConnect.OpenIdConnectEvents",
      "Visibility": "Public",
      "Kind": "Class",
      "BaseType": "Microsoft.AspNetCore.Authentication.RemoteAuthenticationEvents",
      "ImplementedInterfaces": [],
      "Members": [
        {
          "Kind": "Method",
          "Name": "get_OnAuthenticationFailed",
          "Parameters": [],
          "ReturnType": "System.Func<Microsoft.AspNetCore.Authentication.OpenIdConnect.AuthenticationFailedContext, System.Threading.Tasks.Task>",
          "Visibility": "Public",
          "GenericParameter": []
        },
        {
          "Kind": "Method",
          "Name": "set_OnAuthenticationFailed",
          "Parameters": [
            {
              "Name": "value",
              "Type": "System.Func<Microsoft.AspNetCore.Authentication.OpenIdConnect.AuthenticationFailedContext, System.Threading.Tasks.Task>"
            }
          ],
          "ReturnType": "System.Void",
          "Visibility": "Public",
          "GenericParameter": []
        },
        {
          "Kind": "Method",
          "Name": "get_OnAuthorizationCodeReceived",
          "Parameters": [],
          "ReturnType": "System.Func<Microsoft.AspNetCore.Authentication.OpenIdConnect.AuthorizationCodeReceivedContext, System.Threading.Tasks.Task>",
          "Visibility": "Public",
          "GenericParameter": []
        },
        {
          "Kind": "Method",
          "Name": "set_OnAuthorizationCodeReceived",
          "Parameters": [
            {
              "Name": "value",
              "Type": "System.Func<Microsoft.AspNetCore.Authentication.OpenIdConnect.AuthorizationCodeReceivedContext, System.Threading.Tasks.Task>"
            }
          ],
          "ReturnType": "System.Void",
          "Visibility": "Public",
          "GenericParameter": []
        },
        {
          "Kind": "Method",
          "Name": "get_OnMessageReceived",
          "Parameters": [],
          "ReturnType": "System.Func<Microsoft.AspNetCore.Authentication.OpenIdConnect.MessageReceivedContext, System.Threading.Tasks.Task>",
          "Visibility": "Public",
          "GenericParameter": []
        },
        {
          "Kind": "Method",
          "Name": "set_OnMessageReceived",
          "Parameters": [
            {
              "Name": "value",
              "Type": "System.Func<Microsoft.AspNetCore.Authentication.OpenIdConnect.MessageReceivedContext, System.Threading.Tasks.Task>"
            }
          ],
          "ReturnType": "System.Void",
          "Visibility": "Public",
          "GenericParameter": []
        },
        {
          "Kind": "Method",
          "Name": "get_OnRedirectToIdentityProvider",
          "Parameters": [],
          "ReturnType": "System.Func<Microsoft.AspNetCore.Authentication.OpenIdConnect.RedirectContext, System.Threading.Tasks.Task>",
          "Visibility": "Public",
          "GenericParameter": []
        },
        {
          "Kind": "Method",
          "Name": "set_OnRedirectToIdentityProvider",
          "Parameters": [
            {
              "Name": "value",
              "Type": "System.Func<Microsoft.AspNetCore.Authentication.OpenIdConnect.RedirectContext, System.Threading.Tasks.Task>"
            }
          ],
          "ReturnType": "System.Void",
          "Visibility": "Public",
          "GenericParameter": []
        },
        {
          "Kind": "Method",
          "Name": "get_OnRedirectToIdentityProviderForSignOut",
          "Parameters": [],
          "ReturnType": "System.Func<Microsoft.AspNetCore.Authentication.OpenIdConnect.RedirectContext, System.Threading.Tasks.Task>",
          "Visibility": "Public",
          "GenericParameter": []
        },
        {
          "Kind": "Method",
          "Name": "set_OnRedirectToIdentityProviderForSignOut",
          "Parameters": [
            {
              "Name": "value",
              "Type": "System.Func<Microsoft.AspNetCore.Authentication.OpenIdConnect.RedirectContext, System.Threading.Tasks.Task>"
            }
          ],
          "ReturnType": "System.Void",
          "Visibility": "Public",
          "GenericParameter": []
        },
        {
          "Kind": "Method",
          "Name": "get_OnSignedOutCallbackRedirect",
          "Parameters": [],
          "ReturnType": "System.Func<Microsoft.AspNetCore.Authentication.OpenIdConnect.RemoteSignOutContext, System.Threading.Tasks.Task>",
          "Visibility": "Public",
          "GenericParameter": []
        },
        {
          "Kind": "Method",
          "Name": "set_OnSignedOutCallbackRedirect",
          "Parameters": [
            {
              "Name": "value",
              "Type": "System.Func<Microsoft.AspNetCore.Authentication.OpenIdConnect.RemoteSignOutContext, System.Threading.Tasks.Task>"
            }
          ],
          "ReturnType": "System.Void",
          "Visibility": "Public",
          "GenericParameter": []
        },
        {
          "Kind": "Method",
          "Name": "get_OnRemoteSignOut",
          "Parameters": [],
          "ReturnType": "System.Func<Microsoft.AspNetCore.Authentication.OpenIdConnect.RemoteSignOutContext, System.Threading.Tasks.Task>",
          "Visibility": "Public",
          "GenericParameter": []
        },
        {
          "Kind": "Method",
          "Name": "set_OnRemoteSignOut",
          "Parameters": [
            {
              "Name": "value",
              "Type": "System.Func<Microsoft.AspNetCore.Authentication.OpenIdConnect.RemoteSignOutContext, System.Threading.Tasks.Task>"
            }
          ],
          "ReturnType": "System.Void",
          "Visibility": "Public",
          "GenericParameter": []
        },
        {
          "Kind": "Method",
          "Name": "get_OnTokenResponseReceived",
          "Parameters": [],
          "ReturnType": "System.Func<Microsoft.AspNetCore.Authentication.OpenIdConnect.TokenResponseReceivedContext, System.Threading.Tasks.Task>",
          "Visibility": "Public",
          "GenericParameter": []
        },
        {
          "Kind": "Method",
          "Name": "set_OnTokenResponseReceived",
          "Parameters": [
            {
              "Name": "value",
              "Type": "System.Func<Microsoft.AspNetCore.Authentication.OpenIdConnect.TokenResponseReceivedContext, System.Threading.Tasks.Task>"
            }
          ],
          "ReturnType": "System.Void",
          "Visibility": "Public",
          "GenericParameter": []
        },
        {
          "Kind": "Method",
          "Name": "get_OnTokenValidated",
          "Parameters": [],
          "ReturnType": "System.Func<Microsoft.AspNetCore.Authentication.OpenIdConnect.TokenValidatedContext, System.Threading.Tasks.Task>",
          "Visibility": "Public",
          "GenericParameter": []
        },
        {
          "Kind": "Method",
          "Name": "set_OnTokenValidated",
          "Parameters": [
            {
              "Name": "value",
              "Type": "System.Func<Microsoft.AspNetCore.Authentication.OpenIdConnect.TokenValidatedContext, System.Threading.Tasks.Task>"
            }
          ],
          "ReturnType": "System.Void",
          "Visibility": "Public",
          "GenericParameter": []
        },
        {
          "Kind": "Method",
          "Name": "get_OnUserInformationReceived",
          "Parameters": [],
          "ReturnType": "System.Func<Microsoft.AspNetCore.Authentication.OpenIdConnect.UserInformationReceivedContext, System.Threading.Tasks.Task>",
          "Visibility": "Public",
          "GenericParameter": []
        },
        {
          "Kind": "Method",
          "Name": "set_OnUserInformationReceived",
          "Parameters": [
            {
              "Name": "value",
              "Type": "System.Func<Microsoft.AspNetCore.Authentication.OpenIdConnect.UserInformationReceivedContext, System.Threading.Tasks.Task>"
            }
          ],
          "ReturnType": "System.Void",
          "Visibility": "Public",
          "GenericParameter": []
        },
        {
          "Kind": "Method",
          "Name": "AuthenticationFailed",
          "Parameters": [
            {
              "Name": "context",
              "Type": "Microsoft.AspNetCore.Authentication.OpenIdConnect.AuthenticationFailedContext"
            }
          ],
          "ReturnType": "System.Threading.Tasks.Task",
          "Virtual": true,
          "Visibility": "Public",
          "GenericParameter": []
        },
        {
          "Kind": "Method",
          "Name": "AuthorizationCodeReceived",
          "Parameters": [
            {
              "Name": "context",
              "Type": "Microsoft.AspNetCore.Authentication.OpenIdConnect.AuthorizationCodeReceivedContext"
            }
          ],
          "ReturnType": "System.Threading.Tasks.Task",
          "Virtual": true,
          "Visibility": "Public",
          "GenericParameter": []
        },
        {
          "Kind": "Method",
          "Name": "MessageReceived",
          "Parameters": [
            {
              "Name": "context",
              "Type": "Microsoft.AspNetCore.Authentication.OpenIdConnect.MessageReceivedContext"
            }
          ],
          "ReturnType": "System.Threading.Tasks.Task",
          "Virtual": true,
          "Visibility": "Public",
          "GenericParameter": []
        },
        {
          "Kind": "Method",
          "Name": "RedirectToIdentityProvider",
          "Parameters": [
            {
              "Name": "context",
              "Type": "Microsoft.AspNetCore.Authentication.OpenIdConnect.RedirectContext"
            }
          ],
          "ReturnType": "System.Threading.Tasks.Task",
          "Virtual": true,
          "Visibility": "Public",
          "GenericParameter": []
        },
        {
          "Kind": "Method",
          "Name": "RedirectToIdentityProviderForSignOut",
          "Parameters": [
            {
              "Name": "context",
              "Type": "Microsoft.AspNetCore.Authentication.OpenIdConnect.RedirectContext"
            }
          ],
          "ReturnType": "System.Threading.Tasks.Task",
          "Virtual": true,
          "Visibility": "Public",
          "GenericParameter": []
        },
        {
          "Kind": "Method",
          "Name": "SignedOutCallbackRedirect",
          "Parameters": [
            {
              "Name": "context",
              "Type": "Microsoft.AspNetCore.Authentication.OpenIdConnect.RemoteSignOutContext"
            }
          ],
          "ReturnType": "System.Threading.Tasks.Task",
          "Virtual": true,
          "Visibility": "Public",
          "GenericParameter": []
        },
        {
          "Kind": "Method",
          "Name": "RemoteSignOut",
          "Parameters": [
            {
              "Name": "context",
              "Type": "Microsoft.AspNetCore.Authentication.OpenIdConnect.RemoteSignOutContext"
            }
          ],
          "ReturnType": "System.Threading.Tasks.Task",
          "Virtual": true,
          "Visibility": "Public",
          "GenericParameter": []
        },
        {
          "Kind": "Method",
          "Name": "TokenResponseReceived",
          "Parameters": [
            {
              "Name": "context",
              "Type": "Microsoft.AspNetCore.Authentication.OpenIdConnect.TokenResponseReceivedContext"
            }
          ],
          "ReturnType": "System.Threading.Tasks.Task",
          "Virtual": true,
          "Visibility": "Public",
          "GenericParameter": []
        },
        {
          "Kind": "Method",
          "Name": "TokenValidated",
          "Parameters": [
            {
              "Name": "context",
              "Type": "Microsoft.AspNetCore.Authentication.OpenIdConnect.TokenValidatedContext"
            }
          ],
          "ReturnType": "System.Threading.Tasks.Task",
          "Virtual": true,
          "Visibility": "Public",
          "GenericParameter": []
        },
        {
          "Kind": "Method",
          "Name": "UserInformationReceived",
          "Parameters": [
            {
              "Name": "context",
              "Type": "Microsoft.AspNetCore.Authentication.OpenIdConnect.UserInformationReceivedContext"
            }
          ],
          "ReturnType": "System.Threading.Tasks.Task",
          "Virtual": true,
          "Visibility": "Public",
          "GenericParameter": []
        },
        {
          "Kind": "Constructor",
          "Name": ".ctor",
          "Parameters": [],
          "Visibility": "Public",
          "GenericParameter": []
        }
      ],
      "GenericParameters": []
    },
    {
      "Name": "Microsoft.AspNetCore.Authentication.OpenIdConnect.RedirectContext",
      "Visibility": "Public",
      "Kind": "Class",
      "BaseType": "Microsoft.AspNetCore.Authentication.PropertiesContext<Microsoft.AspNetCore.Authentication.OpenIdConnect.OpenIdConnectOptions>",
      "ImplementedInterfaces": [],
      "Members": [
        {
          "Kind": "Method",
          "Name": "get_ProtocolMessage",
          "Parameters": [],
          "ReturnType": "Microsoft.IdentityModel.Protocols.OpenIdConnect.OpenIdConnectMessage",
          "Visibility": "Public",
          "GenericParameter": []
        },
        {
          "Kind": "Method",
          "Name": "set_ProtocolMessage",
          "Parameters": [
            {
              "Name": "value",
              "Type": "Microsoft.IdentityModel.Protocols.OpenIdConnect.OpenIdConnectMessage"
            }
          ],
          "ReturnType": "System.Void",
          "Visibility": "Public",
          "GenericParameter": []
        },
        {
          "Kind": "Method",
          "Name": "get_Handled",
          "Parameters": [],
          "ReturnType": "System.Boolean",
          "Visibility": "Public",
          "GenericParameter": []
        },
        {
          "Kind": "Method",
          "Name": "HandleResponse",
          "Parameters": [],
          "ReturnType": "System.Void",
          "Visibility": "Public",
          "GenericParameter": []
        },
        {
          "Kind": "Constructor",
          "Name": ".ctor",
          "Parameters": [
            {
              "Name": "context",
              "Type": "Microsoft.AspNetCore.Http.HttpContext"
            },
            {
              "Name": "scheme",
              "Type": "Microsoft.AspNetCore.Authentication.AuthenticationScheme"
            },
            {
              "Name": "options",
              "Type": "Microsoft.AspNetCore.Authentication.OpenIdConnect.OpenIdConnectOptions"
            },
            {
              "Name": "properties",
              "Type": "Microsoft.AspNetCore.Authentication.AuthenticationProperties"
            }
          ],
          "Visibility": "Public",
          "GenericParameter": []
        }
      ],
      "GenericParameters": []
    },
    {
      "Name": "Microsoft.AspNetCore.Authentication.OpenIdConnect.RemoteSignOutContext",
      "Visibility": "Public",
      "Kind": "Class",
      "BaseType": "Microsoft.AspNetCore.Authentication.RemoteAuthenticationContext<Microsoft.AspNetCore.Authentication.OpenIdConnect.OpenIdConnectOptions>",
      "ImplementedInterfaces": [],
      "Members": [
        {
          "Kind": "Method",
          "Name": "get_ProtocolMessage",
          "Parameters": [],
          "ReturnType": "Microsoft.IdentityModel.Protocols.OpenIdConnect.OpenIdConnectMessage",
          "Visibility": "Public",
          "GenericParameter": []
        },
        {
          "Kind": "Method",
          "Name": "set_ProtocolMessage",
          "Parameters": [
            {
              "Name": "value",
              "Type": "Microsoft.IdentityModel.Protocols.OpenIdConnect.OpenIdConnectMessage"
            }
          ],
          "ReturnType": "System.Void",
          "Visibility": "Public",
          "GenericParameter": []
        },
        {
          "Kind": "Constructor",
          "Name": ".ctor",
          "Parameters": [
            {
              "Name": "context",
              "Type": "Microsoft.AspNetCore.Http.HttpContext"
            },
            {
              "Name": "scheme",
              "Type": "Microsoft.AspNetCore.Authentication.AuthenticationScheme"
            },
            {
              "Name": "options",
              "Type": "Microsoft.AspNetCore.Authentication.OpenIdConnect.OpenIdConnectOptions"
            },
            {
              "Name": "message",
              "Type": "Microsoft.IdentityModel.Protocols.OpenIdConnect.OpenIdConnectMessage"
            }
          ],
          "Visibility": "Public",
          "GenericParameter": []
        }
      ],
      "GenericParameters": []
    },
    {
      "Name": "Microsoft.AspNetCore.Authentication.OpenIdConnect.TokenResponseReceivedContext",
      "Visibility": "Public",
      "Kind": "Class",
      "BaseType": "Microsoft.AspNetCore.Authentication.RemoteAuthenticationContext<Microsoft.AspNetCore.Authentication.OpenIdConnect.OpenIdConnectOptions>",
      "ImplementedInterfaces": [],
      "Members": [
        {
          "Kind": "Method",
          "Name": "get_ProtocolMessage",
          "Parameters": [],
          "ReturnType": "Microsoft.IdentityModel.Protocols.OpenIdConnect.OpenIdConnectMessage",
          "Visibility": "Public",
          "GenericParameter": []
        },
        {
          "Kind": "Method",
          "Name": "set_ProtocolMessage",
          "Parameters": [
            {
              "Name": "value",
              "Type": "Microsoft.IdentityModel.Protocols.OpenIdConnect.OpenIdConnectMessage"
            }
          ],
          "ReturnType": "System.Void",
          "Visibility": "Public",
          "GenericParameter": []
        },
        {
          "Kind": "Method",
          "Name": "get_TokenEndpointResponse",
          "Parameters": [],
          "ReturnType": "Microsoft.IdentityModel.Protocols.OpenIdConnect.OpenIdConnectMessage",
          "Visibility": "Public",
          "GenericParameter": []
        },
        {
          "Kind": "Method",
          "Name": "set_TokenEndpointResponse",
          "Parameters": [
            {
              "Name": "value",
              "Type": "Microsoft.IdentityModel.Protocols.OpenIdConnect.OpenIdConnectMessage"
            }
          ],
          "ReturnType": "System.Void",
          "Visibility": "Public",
          "GenericParameter": []
        },
        {
          "Kind": "Constructor",
          "Name": ".ctor",
          "Parameters": [
            {
              "Name": "context",
              "Type": "Microsoft.AspNetCore.Http.HttpContext"
            },
            {
              "Name": "scheme",
              "Type": "Microsoft.AspNetCore.Authentication.AuthenticationScheme"
            },
            {
              "Name": "options",
              "Type": "Microsoft.AspNetCore.Authentication.OpenIdConnect.OpenIdConnectOptions"
            },
            {
              "Name": "user",
              "Type": "System.Security.Claims.ClaimsPrincipal"
            },
            {
              "Name": "properties",
              "Type": "Microsoft.AspNetCore.Authentication.AuthenticationProperties"
            }
          ],
          "Visibility": "Public",
          "GenericParameter": []
        }
      ],
      "GenericParameters": []
    },
    {
      "Name": "Microsoft.AspNetCore.Authentication.OpenIdConnect.TokenValidatedContext",
      "Visibility": "Public",
      "Kind": "Class",
      "BaseType": "Microsoft.AspNetCore.Authentication.RemoteAuthenticationContext<Microsoft.AspNetCore.Authentication.OpenIdConnect.OpenIdConnectOptions>",
      "ImplementedInterfaces": [],
      "Members": [
        {
          "Kind": "Method",
          "Name": "get_ProtocolMessage",
          "Parameters": [],
          "ReturnType": "Microsoft.IdentityModel.Protocols.OpenIdConnect.OpenIdConnectMessage",
          "Visibility": "Public",
          "GenericParameter": []
        },
        {
          "Kind": "Method",
          "Name": "set_ProtocolMessage",
          "Parameters": [
            {
              "Name": "value",
              "Type": "Microsoft.IdentityModel.Protocols.OpenIdConnect.OpenIdConnectMessage"
            }
          ],
          "ReturnType": "System.Void",
          "Visibility": "Public",
          "GenericParameter": []
        },
        {
          "Kind": "Method",
          "Name": "get_SecurityToken",
          "Parameters": [],
          "ReturnType": "System.IdentityModel.Tokens.Jwt.JwtSecurityToken",
          "Visibility": "Public",
          "GenericParameter": []
        },
        {
          "Kind": "Method",
          "Name": "set_SecurityToken",
          "Parameters": [
            {
              "Name": "value",
              "Type": "System.IdentityModel.Tokens.Jwt.JwtSecurityToken"
            }
          ],
          "ReturnType": "System.Void",
          "Visibility": "Public",
          "GenericParameter": []
        },
        {
          "Kind": "Method",
          "Name": "get_TokenEndpointResponse",
          "Parameters": [],
          "ReturnType": "Microsoft.IdentityModel.Protocols.OpenIdConnect.OpenIdConnectMessage",
          "Visibility": "Public",
          "GenericParameter": []
        },
        {
          "Kind": "Method",
          "Name": "set_TokenEndpointResponse",
          "Parameters": [
            {
              "Name": "value",
              "Type": "Microsoft.IdentityModel.Protocols.OpenIdConnect.OpenIdConnectMessage"
            }
          ],
          "ReturnType": "System.Void",
          "Visibility": "Public",
          "GenericParameter": []
        },
        {
          "Kind": "Method",
          "Name": "get_Nonce",
          "Parameters": [],
          "ReturnType": "System.String",
          "Visibility": "Public",
          "GenericParameter": []
        },
        {
          "Kind": "Method",
          "Name": "set_Nonce",
          "Parameters": [
            {
              "Name": "value",
              "Type": "System.String"
            }
          ],
          "ReturnType": "System.Void",
          "Visibility": "Public",
          "GenericParameter": []
        },
        {
          "Kind": "Constructor",
          "Name": ".ctor",
          "Parameters": [
            {
              "Name": "context",
              "Type": "Microsoft.AspNetCore.Http.HttpContext"
            },
            {
              "Name": "scheme",
              "Type": "Microsoft.AspNetCore.Authentication.AuthenticationScheme"
            },
            {
              "Name": "options",
              "Type": "Microsoft.AspNetCore.Authentication.OpenIdConnect.OpenIdConnectOptions"
            },
            {
              "Name": "principal",
              "Type": "System.Security.Claims.ClaimsPrincipal"
            },
            {
              "Name": "properties",
              "Type": "Microsoft.AspNetCore.Authentication.AuthenticationProperties"
            }
          ],
          "Visibility": "Public",
          "GenericParameter": []
        }
      ],
      "GenericParameters": []
    },
    {
      "Name": "Microsoft.AspNetCore.Authentication.OpenIdConnect.UserInformationReceivedContext",
      "Visibility": "Public",
      "Kind": "Class",
      "BaseType": "Microsoft.AspNetCore.Authentication.RemoteAuthenticationContext<Microsoft.AspNetCore.Authentication.OpenIdConnect.OpenIdConnectOptions>",
      "ImplementedInterfaces": [],
      "Members": [
        {
          "Kind": "Method",
          "Name": "get_ProtocolMessage",
          "Parameters": [],
          "ReturnType": "Microsoft.IdentityModel.Protocols.OpenIdConnect.OpenIdConnectMessage",
          "Visibility": "Public",
          "GenericParameter": []
        },
        {
          "Kind": "Method",
          "Name": "set_ProtocolMessage",
          "Parameters": [
            {
              "Name": "value",
              "Type": "Microsoft.IdentityModel.Protocols.OpenIdConnect.OpenIdConnectMessage"
            }
          ],
          "ReturnType": "System.Void",
          "Visibility": "Public",
          "GenericParameter": []
        },
        {
          "Kind": "Method",
          "Name": "get_User",
          "Parameters": [],
          "ReturnType": "Newtonsoft.Json.Linq.JObject",
          "Visibility": "Public",
          "GenericParameter": []
        },
        {
          "Kind": "Method",
          "Name": "set_User",
          "Parameters": [
            {
              "Name": "value",
              "Type": "Newtonsoft.Json.Linq.JObject"
            }
          ],
          "ReturnType": "System.Void",
          "Visibility": "Public",
          "GenericParameter": []
        },
        {
          "Kind": "Constructor",
          "Name": ".ctor",
          "Parameters": [
            {
              "Name": "context",
              "Type": "Microsoft.AspNetCore.Http.HttpContext"
            },
            {
              "Name": "scheme",
              "Type": "Microsoft.AspNetCore.Authentication.AuthenticationScheme"
            },
            {
              "Name": "options",
              "Type": "Microsoft.AspNetCore.Authentication.OpenIdConnect.OpenIdConnectOptions"
            },
            {
              "Name": "principal",
              "Type": "System.Security.Claims.ClaimsPrincipal"
            },
            {
              "Name": "properties",
              "Type": "Microsoft.AspNetCore.Authentication.AuthenticationProperties"
            }
          ],
          "Visibility": "Public",
          "GenericParameter": []
        }
      ],
      "GenericParameters": []
    },
    {
      "Name": "Microsoft.AspNetCore.Authentication.OpenIdConnect.OpenIdConnectChallengeProperties",
      "Visibility": "Public",
      "Kind": "Class",
      "BaseType": "Microsoft.AspNetCore.Authentication.OAuth.OAuthChallengeProperties",
      "ImplementedInterfaces": [],
      "Members": [
        {
          "Kind": "Method",
          "Name": "get_MaxAge",
          "Parameters": [],
          "ReturnType": "System.Nullable<System.TimeSpan>",
          "Visibility": "Public",
          "GenericParameter": []
        },
        {
          "Kind": "Method",
          "Name": "set_MaxAge",
          "Parameters": [
            {
              "Name": "value",
              "Type": "System.Nullable<System.TimeSpan>"
            }
          ],
          "ReturnType": "System.Void",
          "Visibility": "Public",
          "GenericParameter": []
        },
        {
          "Kind": "Method",
          "Name": "get_Prompt",
          "Parameters": [],
          "ReturnType": "System.String",
          "Visibility": "Public",
          "GenericParameter": []
        },
        {
          "Kind": "Method",
          "Name": "set_Prompt",
          "Parameters": [
            {
              "Name": "value",
              "Type": "System.String"
            }
          ],
          "ReturnType": "System.Void",
          "Visibility": "Public",
          "GenericParameter": []
        },
        {
          "Kind": "Constructor",
          "Name": ".ctor",
          "Parameters": [],
          "Visibility": "Public",
          "GenericParameter": []
        },
        {
          "Kind": "Constructor",
          "Name": ".ctor",
          "Parameters": [
            {
              "Name": "items",
              "Type": "System.Collections.Generic.IDictionary<System.String, System.String>"
            }
          ],
          "Visibility": "Public",
          "GenericParameter": []
        },
        {
          "Kind": "Constructor",
          "Name": ".ctor",
          "Parameters": [
            {
              "Name": "items",
              "Type": "System.Collections.Generic.IDictionary<System.String, System.String>"
            },
            {
              "Name": "parameters",
              "Type": "System.Collections.Generic.IDictionary<System.String, System.Object>"
            }
          ],
          "Visibility": "Public",
          "GenericParameter": []
        },
        {
          "Kind": "Field",
          "Name": "MaxAgeKey",
          "Parameters": [],
          "ReturnType": "System.String",
          "Static": true,
          "ReadOnly": true,
          "Visibility": "Public",
          "GenericParameter": []
        },
        {
          "Kind": "Field",
          "Name": "PromptKey",
          "Parameters": [],
          "ReturnType": "System.String",
          "Static": true,
          "ReadOnly": true,
          "Visibility": "Public",
          "GenericParameter": []
        }
      ],
      "GenericParameters": []
    },
    {
      "Name": "Microsoft.AspNetCore.Authentication.OpenIdConnect.OpenIdConnectDefaults",
      "Visibility": "Public",
      "Kind": "Class",
      "Abstract": true,
      "Static": true,
      "Sealed": true,
      "ImplementedInterfaces": [],
      "Members": [
        {
          "Kind": "Field",
          "Name": "AuthenticationPropertiesKey",
          "Parameters": [],
          "ReturnType": "System.String",
          "Static": true,
          "ReadOnly": true,
          "Visibility": "Public",
          "GenericParameter": []
        },
        {
          "Kind": "Field",
          "Name": "DisplayName",
          "Parameters": [],
          "ReturnType": "System.String",
          "Static": true,
          "ReadOnly": true,
          "Visibility": "Public",
          "GenericParameter": []
        },
        {
          "Kind": "Field",
          "Name": "CookieNoncePrefix",
          "Parameters": [],
          "ReturnType": "System.String",
          "Static": true,
          "ReadOnly": true,
          "Visibility": "Public",
          "GenericParameter": []
        },
        {
          "Kind": "Field",
          "Name": "RedirectUriForCodePropertiesKey",
          "Parameters": [],
          "ReturnType": "System.String",
          "Static": true,
          "ReadOnly": true,
          "Visibility": "Public",
          "GenericParameter": []
        },
        {
          "Kind": "Field",
          "Name": "UserstatePropertiesKey",
          "Parameters": [],
          "ReturnType": "System.String",
          "Static": true,
          "ReadOnly": true,
          "Visibility": "Public",
          "GenericParameter": []
        },
        {
          "Kind": "Field",
          "Name": "AuthenticationScheme",
          "Parameters": [],
          "ReturnType": "System.String",
          "Static": true,
          "Visibility": "Public",
          "GenericParameter": [],
          "Constant": true,
          "Literal": "\"OpenIdConnect\""
        }
      ],
      "GenericParameters": []
    },
    {
      "Name": "Microsoft.AspNetCore.Authentication.OpenIdConnect.OpenIdConnectHandler",
      "Visibility": "Public",
      "Kind": "Class",
      "BaseType": "Microsoft.AspNetCore.Authentication.RemoteAuthenticationHandler<Microsoft.AspNetCore.Authentication.OpenIdConnect.OpenIdConnectOptions>",
      "ImplementedInterfaces": [
        "Microsoft.AspNetCore.Authentication.IAuthenticationSignOutHandler"
      ],
      "Members": [
        {
          "Kind": "Method",
          "Name": "HandleRequestAsync",
          "Parameters": [],
          "ReturnType": "System.Threading.Tasks.Task<System.Boolean>",
          "Virtual": true,
          "Override": true,
          "ImplementedInterface": "Microsoft.AspNetCore.Authentication.IAuthenticationRequestHandler",
          "Visibility": "Public",
          "GenericParameter": []
        },
        {
          "Kind": "Method",
          "Name": "get_Backchannel",
          "Parameters": [],
          "ReturnType": "System.Net.Http.HttpClient",
          "Visibility": "Protected",
          "GenericParameter": []
        },
        {
          "Kind": "Method",
          "Name": "get_HtmlEncoder",
          "Parameters": [],
          "ReturnType": "System.Text.Encodings.Web.HtmlEncoder",
          "Visibility": "Protected",
          "GenericParameter": []
        },
        {
          "Kind": "Method",
          "Name": "get_Events",
          "Parameters": [],
          "ReturnType": "Microsoft.AspNetCore.Authentication.OpenIdConnect.OpenIdConnectEvents",
          "Visibility": "Protected",
          "GenericParameter": []
        },
        {
          "Kind": "Method",
          "Name": "set_Events",
          "Parameters": [
            {
              "Name": "value",
              "Type": "Microsoft.AspNetCore.Authentication.OpenIdConnect.OpenIdConnectEvents"
            }
          ],
          "ReturnType": "System.Void",
          "Visibility": "Protected",
          "GenericParameter": []
        },
        {
          "Kind": "Method",
          "Name": "CreateEventsAsync",
          "Parameters": [],
          "ReturnType": "System.Threading.Tasks.Task<System.Object>",
          "Virtual": true,
          "Override": true,
          "Visibility": "Protected",
          "GenericParameter": []
        },
        {
          "Kind": "Method",
          "Name": "HandleRemoteSignOutAsync",
          "Parameters": [],
          "ReturnType": "System.Threading.Tasks.Task<System.Boolean>",
          "Virtual": true,
          "Visibility": "Protected",
          "GenericParameter": []
        },
        {
          "Kind": "Method",
          "Name": "SignOutAsync",
          "Parameters": [
            {
              "Name": "properties",
              "Type": "Microsoft.AspNetCore.Authentication.AuthenticationProperties"
            }
          ],
          "ReturnType": "System.Threading.Tasks.Task",
          "Virtual": true,
          "ImplementedInterface": "Microsoft.AspNetCore.Authentication.IAuthenticationSignOutHandler",
          "Visibility": "Public",
          "GenericParameter": []
        },
        {
          "Kind": "Method",
          "Name": "HandleSignOutCallbackAsync",
          "Parameters": [],
          "ReturnType": "System.Threading.Tasks.Task<System.Boolean>",
          "Virtual": true,
          "Visibility": "Protected",
          "GenericParameter": []
        },
        {
          "Kind": "Method",
          "Name": "HandleChallengeAsync",
          "Parameters": [
            {
              "Name": "properties",
              "Type": "Microsoft.AspNetCore.Authentication.AuthenticationProperties"
            }
          ],
          "ReturnType": "System.Threading.Tasks.Task",
          "Virtual": true,
          "Override": true,
          "Visibility": "Protected",
          "GenericParameter": []
        },
        {
          "Kind": "Method",
          "Name": "HandleRemoteAuthenticateAsync",
          "Parameters": [],
          "ReturnType": "System.Threading.Tasks.Task<Microsoft.AspNetCore.Authentication.HandleRequestResult>",
          "Virtual": true,
          "Override": true,
          "Visibility": "Protected",
          "GenericParameter": []
        },
        {
          "Kind": "Method",
          "Name": "RedeemAuthorizationCodeAsync",
          "Parameters": [
            {
              "Name": "tokenEndpointRequest",
              "Type": "Microsoft.IdentityModel.Protocols.OpenIdConnect.OpenIdConnectMessage"
            }
          ],
          "ReturnType": "System.Threading.Tasks.Task<Microsoft.IdentityModel.Protocols.OpenIdConnect.OpenIdConnectMessage>",
          "Virtual": true,
          "Visibility": "Protected",
          "GenericParameter": []
        },
        {
          "Kind": "Method",
          "Name": "GetUserInformationAsync",
          "Parameters": [
            {
              "Name": "message",
              "Type": "Microsoft.IdentityModel.Protocols.OpenIdConnect.OpenIdConnectMessage"
            },
            {
              "Name": "jwt",
              "Type": "System.IdentityModel.Tokens.Jwt.JwtSecurityToken"
            },
            {
              "Name": "principal",
              "Type": "System.Security.Claims.ClaimsPrincipal"
            },
            {
              "Name": "properties",
              "Type": "Microsoft.AspNetCore.Authentication.AuthenticationProperties"
            }
          ],
          "ReturnType": "System.Threading.Tasks.Task<Microsoft.AspNetCore.Authentication.HandleRequestResult>",
          "Virtual": true,
          "Visibility": "Protected",
          "GenericParameter": []
        },
        {
          "Kind": "Constructor",
          "Name": ".ctor",
          "Parameters": [
            {
              "Name": "options",
              "Type": "Microsoft.Extensions.Options.IOptionsMonitor<Microsoft.AspNetCore.Authentication.OpenIdConnect.OpenIdConnectOptions>"
            },
            {
              "Name": "logger",
              "Type": "Microsoft.Extensions.Logging.ILoggerFactory"
            },
            {
              "Name": "htmlEncoder",
              "Type": "System.Text.Encodings.Web.HtmlEncoder"
            },
            {
              "Name": "encoder",
              "Type": "System.Text.Encodings.Web.UrlEncoder"
            },
            {
              "Name": "clock",
              "Type": "Microsoft.AspNetCore.Authentication.ISystemClock"
            }
          ],
          "Visibility": "Public",
          "GenericParameter": []
        }
      ],
      "GenericParameters": []
    },
    {
      "Name": "Microsoft.AspNetCore.Authentication.OpenIdConnect.OpenIdConnectOptions",
      "Visibility": "Public",
      "Kind": "Class",
      "BaseType": "Microsoft.AspNetCore.Authentication.RemoteAuthenticationOptions",
      "ImplementedInterfaces": [],
      "Members": [
        {
          "Kind": "Method",
          "Name": "Validate",
          "Parameters": [],
          "ReturnType": "System.Void",
          "Virtual": true,
          "Override": true,
          "Visibility": "Public",
          "GenericParameter": []
        },
        {
          "Kind": "Method",
          "Name": "get_Authority",
          "Parameters": [],
          "ReturnType": "System.String",
          "Visibility": "Public",
          "GenericParameter": []
        },
        {
          "Kind": "Method",
          "Name": "set_Authority",
          "Parameters": [
            {
              "Name": "value",
              "Type": "System.String"
            }
          ],
          "ReturnType": "System.Void",
          "Visibility": "Public",
          "GenericParameter": []
        },
        {
          "Kind": "Method",
          "Name": "get_ClientId",
          "Parameters": [],
          "ReturnType": "System.String",
          "Visibility": "Public",
          "GenericParameter": []
        },
        {
          "Kind": "Method",
          "Name": "set_ClientId",
          "Parameters": [
            {
              "Name": "value",
              "Type": "System.String"
            }
          ],
          "ReturnType": "System.Void",
          "Visibility": "Public",
          "GenericParameter": []
        },
        {
          "Kind": "Method",
          "Name": "get_ClientSecret",
          "Parameters": [],
          "ReturnType": "System.String",
          "Visibility": "Public",
          "GenericParameter": []
        },
        {
          "Kind": "Method",
          "Name": "set_ClientSecret",
          "Parameters": [
            {
              "Name": "value",
              "Type": "System.String"
            }
          ],
          "ReturnType": "System.Void",
          "Visibility": "Public",
          "GenericParameter": []
        },
        {
          "Kind": "Method",
          "Name": "get_Configuration",
          "Parameters": [],
          "ReturnType": "Microsoft.IdentityModel.Protocols.OpenIdConnect.OpenIdConnectConfiguration",
          "Visibility": "Public",
          "GenericParameter": []
        },
        {
          "Kind": "Method",
          "Name": "set_Configuration",
          "Parameters": [
            {
              "Name": "value",
              "Type": "Microsoft.IdentityModel.Protocols.OpenIdConnect.OpenIdConnectConfiguration"
            }
          ],
          "ReturnType": "System.Void",
          "Visibility": "Public",
          "GenericParameter": []
        },
        {
          "Kind": "Method",
          "Name": "get_ConfigurationManager",
          "Parameters": [],
          "ReturnType": "Microsoft.IdentityModel.Protocols.IConfigurationManager<Microsoft.IdentityModel.Protocols.OpenIdConnect.OpenIdConnectConfiguration>",
          "Visibility": "Public",
          "GenericParameter": []
        },
        {
          "Kind": "Method",
          "Name": "set_ConfigurationManager",
          "Parameters": [
            {
              "Name": "value",
              "Type": "Microsoft.IdentityModel.Protocols.IConfigurationManager<Microsoft.IdentityModel.Protocols.OpenIdConnect.OpenIdConnectConfiguration>"
            }
          ],
          "ReturnType": "System.Void",
          "Visibility": "Public",
          "GenericParameter": []
        },
        {
          "Kind": "Method",
          "Name": "get_GetClaimsFromUserInfoEndpoint",
          "Parameters": [],
          "ReturnType": "System.Boolean",
          "Visibility": "Public",
          "GenericParameter": []
        },
        {
          "Kind": "Method",
          "Name": "set_GetClaimsFromUserInfoEndpoint",
          "Parameters": [
            {
              "Name": "value",
              "Type": "System.Boolean"
            }
          ],
          "ReturnType": "System.Void",
          "Visibility": "Public",
          "GenericParameter": []
        },
        {
          "Kind": "Method",
          "Name": "get_ClaimActions",
          "Parameters": [],
          "ReturnType": "Microsoft.AspNetCore.Authentication.OAuth.Claims.ClaimActionCollection",
          "Visibility": "Public",
          "GenericParameter": []
        },
        {
          "Kind": "Method",
          "Name": "get_RequireHttpsMetadata",
          "Parameters": [],
          "ReturnType": "System.Boolean",
          "Visibility": "Public",
          "GenericParameter": []
        },
        {
          "Kind": "Method",
          "Name": "set_RequireHttpsMetadata",
          "Parameters": [
            {
              "Name": "value",
              "Type": "System.Boolean"
            }
          ],
          "ReturnType": "System.Void",
          "Visibility": "Public",
          "GenericParameter": []
        },
        {
          "Kind": "Method",
          "Name": "get_MetadataAddress",
          "Parameters": [],
          "ReturnType": "System.String",
          "Visibility": "Public",
          "GenericParameter": []
        },
        {
          "Kind": "Method",
          "Name": "set_MetadataAddress",
          "Parameters": [
            {
              "Name": "value",
              "Type": "System.String"
            }
          ],
          "ReturnType": "System.Void",
          "Visibility": "Public",
          "GenericParameter": []
        },
        {
          "Kind": "Method",
          "Name": "get_Events",
          "Parameters": [],
          "ReturnType": "Microsoft.AspNetCore.Authentication.OpenIdConnect.OpenIdConnectEvents",
          "Visibility": "Public",
          "GenericParameter": []
        },
        {
          "Kind": "Method",
          "Name": "set_Events",
          "Parameters": [
            {
              "Name": "value",
              "Type": "Microsoft.AspNetCore.Authentication.OpenIdConnect.OpenIdConnectEvents"
            }
          ],
          "ReturnType": "System.Void",
          "Visibility": "Public",
          "GenericParameter": []
        },
        {
          "Kind": "Method",
          "Name": "get_MaxAge",
          "Parameters": [],
          "ReturnType": "System.Nullable<System.TimeSpan>",
          "Visibility": "Public",
          "GenericParameter": []
        },
        {
          "Kind": "Method",
          "Name": "set_MaxAge",
          "Parameters": [
            {
              "Name": "value",
              "Type": "System.Nullable<System.TimeSpan>"
            }
          ],
          "ReturnType": "System.Void",
          "Visibility": "Public",
          "GenericParameter": []
        },
        {
          "Kind": "Method",
          "Name": "get_ProtocolValidator",
          "Parameters": [],
          "ReturnType": "Microsoft.IdentityModel.Protocols.OpenIdConnect.OpenIdConnectProtocolValidator",
          "Visibility": "Public",
          "GenericParameter": []
        },
        {
          "Kind": "Method",
          "Name": "set_ProtocolValidator",
          "Parameters": [
            {
              "Name": "value",
              "Type": "Microsoft.IdentityModel.Protocols.OpenIdConnect.OpenIdConnectProtocolValidator"
            }
          ],
          "ReturnType": "System.Void",
          "Visibility": "Public",
          "GenericParameter": []
        },
        {
          "Kind": "Method",
          "Name": "get_SignedOutCallbackPath",
          "Parameters": [],
          "ReturnType": "Microsoft.AspNetCore.Http.PathString",
          "Visibility": "Public",
          "GenericParameter": []
        },
        {
          "Kind": "Method",
          "Name": "set_SignedOutCallbackPath",
          "Parameters": [
            {
              "Name": "value",
              "Type": "Microsoft.AspNetCore.Http.PathString"
            }
          ],
          "ReturnType": "System.Void",
          "Visibility": "Public",
          "GenericParameter": []
        },
        {
          "Kind": "Method",
          "Name": "get_SignedOutRedirectUri",
          "Parameters": [],
          "ReturnType": "System.String",
          "Visibility": "Public",
          "GenericParameter": []
        },
        {
          "Kind": "Method",
          "Name": "set_SignedOutRedirectUri",
          "Parameters": [
            {
              "Name": "value",
              "Type": "System.String"
            }
          ],
          "ReturnType": "System.Void",
          "Visibility": "Public",
          "GenericParameter": []
        },
        {
          "Kind": "Method",
          "Name": "get_RefreshOnIssuerKeyNotFound",
          "Parameters": [],
          "ReturnType": "System.Boolean",
          "Visibility": "Public",
          "GenericParameter": []
        },
        {
          "Kind": "Method",
          "Name": "set_RefreshOnIssuerKeyNotFound",
          "Parameters": [
            {
              "Name": "value",
              "Type": "System.Boolean"
            }
          ],
          "ReturnType": "System.Void",
          "Visibility": "Public",
          "GenericParameter": []
        },
        {
          "Kind": "Method",
          "Name": "get_AuthenticationMethod",
          "Parameters": [],
          "ReturnType": "Microsoft.AspNetCore.Authentication.OpenIdConnect.OpenIdConnectRedirectBehavior",
          "Visibility": "Public",
          "GenericParameter": []
        },
        {
          "Kind": "Method",
          "Name": "set_AuthenticationMethod",
          "Parameters": [
            {
              "Name": "value",
              "Type": "Microsoft.AspNetCore.Authentication.OpenIdConnect.OpenIdConnectRedirectBehavior"
            }
          ],
          "ReturnType": "System.Void",
          "Visibility": "Public",
          "GenericParameter": []
        },
        {
          "Kind": "Method",
          "Name": "get_Resource",
          "Parameters": [],
          "ReturnType": "System.String",
          "Visibility": "Public",
          "GenericParameter": []
        },
        {
          "Kind": "Method",
          "Name": "set_Resource",
          "Parameters": [
            {
              "Name": "value",
              "Type": "System.String"
            }
          ],
          "ReturnType": "System.Void",
          "Visibility": "Public",
          "GenericParameter": []
        },
        {
          "Kind": "Method",
          "Name": "get_ResponseMode",
          "Parameters": [],
          "ReturnType": "System.String",
          "Visibility": "Public",
          "GenericParameter": []
        },
        {
          "Kind": "Method",
          "Name": "set_ResponseMode",
          "Parameters": [
            {
              "Name": "value",
              "Type": "System.String"
            }
          ],
          "ReturnType": "System.Void",
          "Visibility": "Public",
          "GenericParameter": []
        },
        {
          "Kind": "Method",
          "Name": "get_ResponseType",
          "Parameters": [],
          "ReturnType": "System.String",
          "Visibility": "Public",
          "GenericParameter": []
        },
        {
          "Kind": "Method",
          "Name": "set_ResponseType",
          "Parameters": [
            {
              "Name": "value",
              "Type": "System.String"
            }
          ],
          "ReturnType": "System.Void",
          "Visibility": "Public",
          "GenericParameter": []
        },
        {
          "Kind": "Method",
          "Name": "get_Prompt",
          "Parameters": [],
          "ReturnType": "System.String",
          "Visibility": "Public",
          "GenericParameter": []
        },
        {
          "Kind": "Method",
          "Name": "set_Prompt",
          "Parameters": [
            {
              "Name": "value",
              "Type": "System.String"
            }
          ],
          "ReturnType": "System.Void",
          "Visibility": "Public",
          "GenericParameter": []
        },
        {
          "Kind": "Method",
          "Name": "get_Scope",
          "Parameters": [],
          "ReturnType": "System.Collections.Generic.ICollection<System.String>",
          "Visibility": "Public",
          "GenericParameter": []
        },
        {
          "Kind": "Method",
          "Name": "get_RemoteSignOutPath",
          "Parameters": [],
          "ReturnType": "Microsoft.AspNetCore.Http.PathString",
          "Visibility": "Public",
          "GenericParameter": []
        },
        {
          "Kind": "Method",
          "Name": "set_RemoteSignOutPath",
          "Parameters": [
            {
              "Name": "value",
              "Type": "Microsoft.AspNetCore.Http.PathString"
            }
          ],
          "ReturnType": "System.Void",
          "Visibility": "Public",
          "GenericParameter": []
        },
        {
          "Kind": "Method",
          "Name": "get_SignOutScheme",
          "Parameters": [],
          "ReturnType": "System.String",
          "Visibility": "Public",
          "GenericParameter": []
        },
        {
          "Kind": "Method",
          "Name": "set_SignOutScheme",
          "Parameters": [
            {
              "Name": "value",
              "Type": "System.String"
            }
          ],
          "ReturnType": "System.Void",
          "Visibility": "Public",
          "GenericParameter": []
        },
        {
          "Kind": "Method",
          "Name": "get_StateDataFormat",
          "Parameters": [],
          "ReturnType": "Microsoft.AspNetCore.Authentication.ISecureDataFormat<Microsoft.AspNetCore.Authentication.AuthenticationProperties>",
          "Visibility": "Public",
          "GenericParameter": []
        },
        {
          "Kind": "Method",
          "Name": "set_StateDataFormat",
          "Parameters": [
            {
              "Name": "value",
              "Type": "Microsoft.AspNetCore.Authentication.ISecureDataFormat<Microsoft.AspNetCore.Authentication.AuthenticationProperties>"
            }
          ],
          "ReturnType": "System.Void",
          "Visibility": "Public",
          "GenericParameter": []
        },
        {
          "Kind": "Method",
          "Name": "get_StringDataFormat",
          "Parameters": [],
          "ReturnType": "Microsoft.AspNetCore.Authentication.ISecureDataFormat<System.String>",
          "Visibility": "Public",
          "GenericParameter": []
        },
        {
          "Kind": "Method",
          "Name": "set_StringDataFormat",
          "Parameters": [
            {
              "Name": "value",
              "Type": "Microsoft.AspNetCore.Authentication.ISecureDataFormat<System.String>"
            }
          ],
          "ReturnType": "System.Void",
          "Visibility": "Public",
          "GenericParameter": []
        },
        {
          "Kind": "Method",
          "Name": "get_SecurityTokenValidator",
          "Parameters": [],
          "ReturnType": "Microsoft.IdentityModel.Tokens.ISecurityTokenValidator",
          "Visibility": "Public",
          "GenericParameter": []
        },
        {
          "Kind": "Method",
          "Name": "set_SecurityTokenValidator",
          "Parameters": [
            {
              "Name": "value",
              "Type": "Microsoft.IdentityModel.Tokens.ISecurityTokenValidator"
            }
          ],
          "ReturnType": "System.Void",
          "Visibility": "Public",
          "GenericParameter": []
        },
        {
          "Kind": "Method",
          "Name": "get_TokenValidationParameters",
          "Parameters": [],
          "ReturnType": "Microsoft.IdentityModel.Tokens.TokenValidationParameters",
          "Visibility": "Public",
          "GenericParameter": []
        },
        {
          "Kind": "Method",
          "Name": "set_TokenValidationParameters",
          "Parameters": [
            {
              "Name": "value",
              "Type": "Microsoft.IdentityModel.Tokens.TokenValidationParameters"
            }
          ],
          "ReturnType": "System.Void",
          "Visibility": "Public",
          "GenericParameter": []
        },
        {
          "Kind": "Method",
          "Name": "get_UseTokenLifetime",
          "Parameters": [],
          "ReturnType": "System.Boolean",
          "Visibility": "Public",
          "GenericParameter": []
        },
        {
          "Kind": "Method",
          "Name": "set_UseTokenLifetime",
          "Parameters": [
            {
              "Name": "value",
              "Type": "System.Boolean"
            }
          ],
          "ReturnType": "System.Void",
          "Visibility": "Public",
          "GenericParameter": []
        },
        {
          "Kind": "Method",
          "Name": "get_SkipUnrecognizedRequests",
          "Parameters": [],
          "ReturnType": "System.Boolean",
          "Visibility": "Public",
          "GenericParameter": []
        },
        {
          "Kind": "Method",
          "Name": "set_SkipUnrecognizedRequests",
          "Parameters": [
            {
              "Name": "value",
              "Type": "System.Boolean"
            }
          ],
          "ReturnType": "System.Void",
          "Visibility": "Public",
          "GenericParameter": []
        },
        {
          "Kind": "Method",
          "Name": "get_DisableTelemetry",
          "Parameters": [],
          "ReturnType": "System.Boolean",
          "Visibility": "Public",
          "GenericParameter": []
        },
        {
          "Kind": "Method",
          "Name": "set_DisableTelemetry",
          "Parameters": [
            {
              "Name": "value",
              "Type": "System.Boolean"
            }
          ],
          "ReturnType": "System.Void",
          "Visibility": "Public",
          "GenericParameter": []
        },
        {
          "Kind": "Method",
          "Name": "get_NonceCookie",
          "Parameters": [],
          "ReturnType": "Microsoft.AspNetCore.Http.CookieBuilder",
          "Visibility": "Public",
          "GenericParameter": []
        },
        {
          "Kind": "Method",
          "Name": "set_NonceCookie",
          "Parameters": [
            {
              "Name": "value",
              "Type": "Microsoft.AspNetCore.Http.CookieBuilder"
            }
          ],
          "ReturnType": "System.Void",
          "Visibility": "Public",
          "GenericParameter": []
        },
        {
          "Kind": "Constructor",
          "Name": ".ctor",
          "Parameters": [],
          "Visibility": "Public",
          "GenericParameter": []
        }
      ],
      "GenericParameters": []
    },
    {
      "Name": "Microsoft.AspNetCore.Authentication.OpenIdConnect.OpenIdConnectPostConfigureOptions",
      "Visibility": "Public",
      "Kind": "Class",
      "ImplementedInterfaces": [
        "Microsoft.Extensions.Options.IPostConfigureOptions<Microsoft.AspNetCore.Authentication.OpenIdConnect.OpenIdConnectOptions>"
      ],
      "Members": [
        {
          "Kind": "Method",
          "Name": "PostConfigure",
          "Parameters": [
            {
              "Name": "name",
              "Type": "System.String"
            },
            {
              "Name": "options",
              "Type": "Microsoft.AspNetCore.Authentication.OpenIdConnect.OpenIdConnectOptions"
            }
          ],
          "ReturnType": "System.Void",
          "Sealed": true,
          "Virtual": true,
          "ImplementedInterface": "Microsoft.Extensions.Options.IPostConfigureOptions<Microsoft.AspNetCore.Authentication.OpenIdConnect.OpenIdConnectOptions>",
          "Visibility": "Public",
          "GenericParameter": []
        },
        {
          "Kind": "Constructor",
          "Name": ".ctor",
          "Parameters": [
            {
              "Name": "dataProtection",
              "Type": "Microsoft.AspNetCore.DataProtection.IDataProtectionProvider"
            }
          ],
          "Visibility": "Public",
          "GenericParameter": []
        }
      ],
      "GenericParameters": []
    },
    {
      "Name": "Microsoft.AspNetCore.Authentication.OpenIdConnect.OpenIdConnectRedirectBehavior",
      "Visibility": "Public",
      "Kind": "Enumeration",
      "Sealed": true,
      "ImplementedInterfaces": [],
      "Members": [
        {
          "Kind": "Field",
          "Name": "RedirectGet",
          "Parameters": [],
          "GenericParameter": [],
          "Literal": "0"
        },
        {
          "Kind": "Field",
          "Name": "FormPost",
          "Parameters": [],
          "GenericParameter": [],
          "Literal": "1"
        }
      ],
      "GenericParameters": []
    },
    {
      "Name": "Microsoft.AspNetCore.Authentication.OpenIdConnect.Claims.UniqueJsonKeyClaimAction",
      "Visibility": "Public",
      "Kind": "Class",
      "BaseType": "Microsoft.AspNetCore.Authentication.OAuth.Claims.JsonKeyClaimAction",
      "ImplementedInterfaces": [],
      "Members": [
        {
          "Kind": "Method",
          "Name": "Run",
          "Parameters": [
            {
              "Name": "userData",
              "Type": "Newtonsoft.Json.Linq.JObject"
            },
            {
              "Name": "identity",
              "Type": "System.Security.Claims.ClaimsIdentity"
            },
            {
              "Name": "issuer",
              "Type": "System.String"
            }
          ],
          "ReturnType": "System.Void",
          "Virtual": true,
          "Override": true,
          "Visibility": "Public",
          "GenericParameter": []
        },
        {
          "Kind": "Constructor",
          "Name": ".ctor",
          "Parameters": [
            {
              "Name": "claimType",
              "Type": "System.String"
            },
            {
              "Name": "valueType",
              "Type": "System.String"
            },
            {
              "Name": "jsonKey",
              "Type": "System.String"
            }
          ],
          "Visibility": "Public",
          "GenericParameter": []
        }
      ],
      "GenericParameters": []
    }
  ]
}